year,city_nhood,filings,orders,rental_units,filing_rate,order_rate
2016,ALVERNO,4,3,317,1.2618296529968454,0.9463722397476341
2016,ARLINGTON GARDENS,33,17,390,8.461538461538462,4.358974358974359
2016,ARLINGTON HEIGHTS,137,65,1218,11.247947454844006,5.336617405582922
2016,AVENUES WEST,222,110,4945,4.48938321536906,2.224469160768453
2016,BARAN PARK,2,0,43,4.651162790697675,0
2016,BAY VIEW,59,32,3762,1.5683147262094632,0.8506113769271665
2016,BLUEMOUND HEIGHTS,9,4,747,1.2048192771084338,0.535475234270415
2016,BORCHERT FIELD,160,83,972,16.46090534979424,8.539094650205762
2016,BREWER'S HILL,24,10,1118,2.146690518783542,0.8944543828264758
2016,BURNHAM PARK,61,26,1008,6.051587301587301,2.579365079365079
2016,CALUMET FARMS,3,1,722,0.41551246537396125,0.13850415512465375
2016,CAMBRIDGE HEIGHTS,20,11,881,2.2701475595913734,1.2485811577752552
2016,CANNON PARK,5,5,660,0.7575757575757576,0.7575757575757576
2016,CAPITOL HEIGHTS,79,32,920,8.58695652173913,3.4782608695652173
2016,CASTLE MANOR,21,6,948,2.2151898734177213,0.6329113924050633
2016,CLARKE SQUARE,187,100,1781,10.499719258843346,5.614823133071308
2016,CLAYTON CREST,3,2,49,6.122448979591836,4.081632653061225
2016,CLOCK TOWER ACRES,20,11,424,4.716981132075472,2.5943396226415096
2016,COLD SPRING PARK,100,62,1074,9.31098696461825,5.772811918063315
2016,COLUMBUS PARK,77,41,718,10.724233983286908,5.710306406685237
2016,CONCORDIA,274,144,1929,14.204250907205807,7.4650077760497675
2016,COOPER PARK,13,6,519,2.5048169556840074,1.1560693641618496
2016,COPERNICUS PARK,1,0,38,2.631578947368421,0
2016,DINEEN PARK,123,54,1169,10.52181351582549,4.619332763045338
2016,DOWNER WOODS,8,4,415,1.9277108433734942,0.9638554216867471
2016,ENDERIS PARK,60,28,758,7.9155672823219,3.6939313984168867
2016,ESTABROOK PARK,2,2,289,0.6920415224913495,0.6920415224913495
2016,EUCLID PARK,9,4,610,1.4754098360655739,0.6557377049180327
2016,FAIR PARK,12,5,242,4.958677685950414,2.066115702479339
2016,FAIRFIELD,61,15,677,9.010339734121123,2.2156573116691285
2016,FAIRVIEW,10,7,394,2.5380710659898478,1.7766497461928936
2016,FERNWOOD,4,2,484,0.8264462809917356,0.4132231404958678
2016,FLORIST HIGHLANDS,3,2,232,1.293103448275862,0.8620689655172413
2016,FOREST HOME HILLS,74,41,863,8.574739281575898,4.750869061413673
2016,FRANKLIN HEIGHTS,324,151,2151,15.062761506276152,7.0199907019990695
2016,GARDEN HOMES,96,53,696,13.793103448275861,7.614942528735632
2016,GOLDEN VALLEY,16,6,337,4.747774480712167,1.7804154302670623
2016,GOLDMAN PARK,8,3,243,3.292181069958848,1.2345679012345678
2016,GRA-RAM,7,4,419,1.6706443914081146,0.9546539379474941
2016,GRACELAND,55,24,408,13.480392156862745,5.88235294117647
2016,GRANTOSA,30,12,620,4.838709677419355,1.935483870967742
2016,GRASSLYN MANOR,57,28,918,6.209150326797386,3.0501089324618738
2016,GREEN MOOR,1,0,31,3.225806451612903,0
2016,GROVER HEIGHTS,3,2,95,3.1578947368421053,2.1052631578947367
2016,HALYARD PARK,16,5,186,8.60215053763441,2.6881720430107525
2016,HAMPTON HEIGHTS,253,143,1447,17.484450587422256,9.882515549412577
2016,HARAMBEE,378,192,3607,10.479622955364569,5.3229830884391465
2016,HARBOR VIEW,5,1,377,1.3262599469496021,0.2652519893899204
2016,HAVENWOODS,10,4,91,10.989010989010989,4.395604395604396
2016,HAWLEY FARMS,5,0,236,2.11864406779661,0
2016,HAWTHORNE GLEN,1,0,75,1.3333333333333335,0
2016,HAYMARKET,3,1,87,3.4482758620689653,1.1494252873563218
2016,HIGHWOOD ESTATES,10,7,651,1.5360983102918586,1.0752688172043012
2016,HILLSIDE,55,20,1091,5.0412465627864345,1.833180568285976
2016,HISTORIC MITCHELL STREET,215,119,2701,7.960014809329878,4.405775638652351
2016,HISTORIC THIRD WARD,3,0,852,0.35211267605633806,0
2016,HOLLER PARK,1,0,37,2.7027027027027026,0
2016,HONEY CREEK MANOR,8,5,417,1.9184652278177456,1.1990407673860912
2016,HONEY CREEK PARKWAY,4,0,170,2.3529411764705883,0
2016,JACKSON PARK,58,32,1433,4.047452896022331,2.2330774598743894
2016,JOHNSON'S WOODS,14,9,628,2.229299363057325,1.4331210191082804
2016,JUNEAU TOWN,24,15,2653,0.9046362608367886,0.5653976630229929
2016,KILBOURN TOWN,51,21,1645,3.1003039513677813,1.276595744680851
2016,KING PARK,49,28,840,5.833333333333333,3.3333333333333335
2016,KOPS PARK,8,4,346,2.312138728323699,1.1560693641618496
2016,LAYTON PARK,49,28,958,5.11482254697286,2.9227557411273484
2016,LENOX HEIGHTS,25,13,433,5.773672055427252,3.0023094688221708
2016,LINCOLN CREEK,128,54,1526,8.387942332896461,3.5386631716906947
2016,LINCOLN PARK,124,53,1297,9.56052428681573,4.086353122590594
2016,LINCOLN VILLAGE,262,133,2430,10.781893004115227,5.473251028806585
2016,LINDSAY PARK,127,72,1056,12.026515151515152,6.8181818181818175
2016,LITTLE MENOMONEE PARKWAY,22,15,178,12.359550561797752,8.426966292134832
2016,LONG VIEW,63,33,530,11.88679245283019,6.226415094339623
2016,LOWER EAST SIDE,118,54,7676,1.5372589890568005,0.7034914017717562
2016,LYONS PARK,5,0,145,3.4482758620689653,0
2016,MAITLAND PARK,9,5,205,4.390243902439024,2.4390243902439024
2016,MAPLE TREE,169,68,679,24.889543446244478,10.014727540500736
2016,MARTIN DRIVE,25,12,520,4.807692307692308,2.307692307692308
2016,MC GOVERN PARK,77,33,553,13.924050632911392,5.967450271247739
2016,MELODY VIEW,35,14,170,20.588235294117645,8.235294117647058
2016,MENOMONEE RIVER HILLS,238,118,1455,16.3573883161512,8.109965635738831
2016,MENOMONEE RIVER HILLS EAST,84,35,408,20.588235294117645,8.57843137254902
2016,MENOMONEE RIVER PARKWAY,3,2,76,3.9473684210526314,2.631578947368421
2016,MENOMONEE RIVER VALLEY,2,0,32,6.25,0
2016,MERRILL PARK,167,85,1203,13.881961762261014,7.065669160432253
2016,METCALFE PARK,137,75,792,17.2979797979798,9.469696969696969
2016,MIDTOWN,190,85,1767,10.75268817204301,4.81041312959819
2016,MILLER VALLEY,21,14,385,5.454545454545454,3.6363636363636362
2016,MITCHELL FIELD,3,2,69,4.3478260869565215,2.898550724637681
2016,MITCHELL PARK,16,4,208,7.6923076923076925,1.9230769230769231
2016,MITCHELL WEST,13,6,639,2.0344287949921753,0.9389671361502347
2016,MORGAN HEIGHTS,18,10,308,5.844155844155844,3.2467532467532463
2016,MORGANDALE,21,10,900,2.3333333333333335,1.1111111111111112
2016,MOUNT MARY,3,1,146,2.054794520547945,0.684931506849315
2016,MURRAY HILL,36,16,3186,1.1299435028248588,0.5021971123666039
2016,MUSKEGO WAY,173,97,2381,7.265854682906342,4.073918521629567
2016,NASH PARK,23,7,435,5.287356321839081,1.6091954022988506
2016,NATIONAL PARK,43,25,607,7.0840197693574956,4.118616144975288
2016,NEW COELN,16,7,22,72.72727272727273,31.818181818181817
2016,NORTH DIVISION,285,159,2141,13.311536665109761,7.426436244745446
2016,NORTHPOINT,8,6,1284,0.6230529595015576,0.46728971962616817
2016,OLD NORTH MILWAUKEE,574,308,3681,15.593588698723174,8.367291496875849
2016,PARK KNOLL,4,2,60,6.666666666666667,3.3333333333333335
2016,PARK VIEW,3,2,35,8.571428571428571,5.714285714285714
2016,PARK WEST,302,148,1743,17.326448651749857,8.49110728628801
2016,PARKWAY HILLS,16,10,203,7.8817733990147785,4.926108374384237
2016,PHEASANT RUN,1,1,176,0.5681818181818182,0.5681818181818182
2016,POLONIA,60,28,857,7.001166861143523,3.267211201866978
2016,RED OAK HEIGHTS,1,0,15,6.666666666666667,0
2016,RIVER BEND,1,0,224,0.4464285714285714,0
2016,RIVERSIDE PARK,2,2,604,0.33112582781456956,0.33112582781456956
2016,RIVERWEST,108,49,4196,2.5738798856053386,1.1677788369876072
2016,ROLLING GREEN,6,3,461,1.3015184381778742,0.6507592190889371
2016,ROOSEVELT GROVE,143,69,1255,11.39442231075697,5.49800796812749
2016,ROOT CREEK,11,8,408,2.696078431372549,1.9607843137254901
2016,RUFUS KING,186,102,1071,17.366946778711483,9.523809523809524
2016,SAINT JOSEPH,195,105,1597,12.210394489668127,6.5748278021289925
2016,SAVELAND PARK,2,1,141,1.4184397163120568,0.7092198581560284
2016,SHERMAN PARK,247,147,1685,14.658753709198812,8.724035608308606
2016,SILVER CITY,54,20,868,6.221198156682028,2.3041474654377883
2016,SILVER SPRING,501,223,3056,16.393979057591622,7.297120418848167
2016,SILVER SWAN,188,94,886,21.21896162528217,10.609480812641085
2016,SOUTHGATE,17,5,536,3.171641791044776,0.9328358208955223
2016,SOUTHPOINT,41,12,936,4.38034188034188,1.282051282051282
2016,ST. AMELIAN'S,42,15,334,12.574850299401197,4.491017964071856
2016,STORY HILL,10,3,363,2.7548209366391188,0.8264462809917356
2016,SUNSET HEIGHTS,55,32,716,7.681564245810056,4.4692737430167595
2016,THE VALLEY / PIGSVILLE,3,0,136,2.2058823529411766,0
2016,THURSTON WOODS,149,83,944,15.783898305084746,8.792372881355933
2016,TIMMERMAN AIRPORT,23,8,163,14.11042944785276,4.9079754601226995
2016,TIMMERMAN WEST,131,52,1351,9.696521095484826,3.84900074019245
2016,TIPPECANOE,14,6,701,1.9971469329529243,0.8559201141226819
2016,TOWN & COUNTRY MANOR,44,21,676,6.508875739644971,3.106508875739645
2016,TOWN OF LAKE,21,16,591,3.5532994923857872,2.707275803722504
2016,TRIANGLE,9,7,91,9.89010989010989,7.6923076923076925
2016,TRIANGLE NORTH,38,22,533,7.129455909943714,4.127579737335835
2016,TRIPOLI PARK,51,22,289,17.647058823529413,7.612456747404845
2016,UPPER EAST SIDE,7,2,859,0.8149010477299184,0.23282887077997672
2016,UPTOWN,204,105,1500,13.600000000000001,7.000000000000001
2016,VALHALLA,267,141,1102,24.228675136116152,12.79491833030853
2016,VALLEY FORGE,2,1,60,3.3333333333333335,1.6666666666666667
2016,VOGEL PARK,67,23,739,9.066305818673884,3.1123139377537212
2016,WAHL PARK,94,42,610,15.40983606557377,6.885245901639345
2016,WALKER'S POINT,141,76,2688,5.245535714285714,2.8273809523809526
2016,WALNUT HILL,69,30,595,11.596638655462185,5.042016806722689
2016,WASHINGTON HEIGHTS,52,21,1196,4.3478260869565215,1.7558528428093645
2016,WASHINGTON PARK,232,118,1415,16.395759717314487,8.33922261484099
2016,WEDGEWOOD,2,2,243,0.823045267489712,0.823045267489712
2016,WEST VIEW,13,3,409,3.1784841075794623,0.7334963325183375
2016,WHITE MANOR,12,4,283,4.240282685512367,1.4134275618374559
2016,WICK FIELD,4,1,197,2.030456852791878,0.5076142131979695
2016,WILLIAMSBURG,76,38,600,12.666666666666668,6.333333333333334
2016,WILSON PARK,18,9,586,3.0716723549488054,1.5358361774744027
2016,WOODLAND COURT,23,7,341,6.744868035190615,2.0527859237536656
2016,WYRICK PARK,49,31,574,8.536585365853659,5.400696864111499
2016,YANKEE HILL,48,25,2254,2.129547471162378,1.109139307897072
2017,ALCOTT PARK,1,1,63,1.5873015873015872,1.5873015873015872
2017,ALVERNO,5,3,317,1.5772870662460567,0.9463722397476341
2017,ARLINGTON GARDENS,35,17,385,9.090909090909092,4.415584415584416
2017,ARLINGTON HEIGHTS,160,75,1211,13.212221304706853,6.193228736581338
2017,AVENUES WEST,280,131,4940,5.668016194331984,2.651821862348178
2017,BARAN PARK,7,1,43,16.27906976744186,2.3255813953488373
2017,BAY VIEW,41,19,3777,1.0855176065660577,0.5030447445062218
2017,BLUEMOUND HEIGHTS,25,14,747,3.3467202141900936,1.8741633199464525
2017,BORCHERT FIELD,156,85,969,16.09907120743034,8.771929824561402
2017,BREWER'S HILL,33,16,1105,2.986425339366516,1.4479638009049773
2017,BURNHAM PARK,49,27,1095,4.474885844748858,2.4657534246575343
2017,CALUMET FARMS,1,0,724,0.13812154696132595,0
2017,CAMBRIDGE HEIGHTS,15,7,900,1.6666666666666667,0.7777777777777778
2017,CANNON PARK,4,2,665,0.6015037593984963,0.30075187969924816
2017,CAPITOL HEIGHTS,115,42,910,12.637362637362637,4.615384615384616
2017,CASTLE MANOR,25,11,948,2.6371308016877637,1.160337552742616
2017,CLARKE SQUARE,169,81,1771,9.542631281761716,4.573687182382835
2017,CLOCK TOWER ACRES,31,12,418,7.4162679425837315,2.8708133971291865
2017,COLD SPRING PARK,107,54,1052,10.171102661596958,5.133079847908745
2017,COLLEGE HEIGHTS,1,0,23,4.3478260869565215,0
2017,COLUMBUS PARK,78,34,726,10.743801652892563,4.683195592286501
2017,CONCORDIA,320,179,1931,16.57172449508027,9.269808389435525
2017,COOPER PARK,24,8,506,4.743083003952568,1.5810276679841897
2017,COPERNICUS PARK,2,1,37,5.405405405405405,2.7027027027027026
2017,DINEEN PARK,143,43,1171,12.211784799316822,3.6720751494449186
2017,DOWNER WOODS,6,1,416,1.4423076923076923,0.2403846153846154
2017,ENDERIS PARK,47,21,747,6.291834002677376,2.8112449799196786
2017,ESTABROOK PARK,1,1,289,0.34602076124567477,0.34602076124567477
2017,EUCLID PARK,7,2,616,1.1363636363636365,0.3246753246753247
2017,FAIR PARK,8,3,237,3.375527426160337,1.2658227848101267
2017,FAIRFIELD,49,21,682,7.184750733137831,3.0791788856304985
2017,FAIRVIEW,11,6,385,2.857142857142857,1.5584415584415585
2017,FERNWOOD,6,5,478,1.2552301255230125,1.0460251046025104
2017,FLORIST HIGHLANDS,5,2,244,2.0491803278688523,0.819672131147541
2017,FOREST HOME HILLS,88,44,863,10.196987253765933,5.098493626882966
2017,FRANKLIN HEIGHTS,309,161,2139,14.446002805049089,7.526881720430108
2017,GARDEN HOMES,70,35,704,9.943181818181818,4.971590909090909
2017,GOLDEN GATE,1,0,21,4.761904761904762,0
2017,GOLDEN VALLEY,9,4,341,2.6392961876832843,1.1730205278592376
2017,GOLDMAN PARK,6,4,233,2.575107296137339,1.7167381974248928
2017,GRA-RAM,5,2,420,1.1904761904761905,0.4761904761904762
2017,GRACELAND,42,19,420,10,4.523809523809524
2017,GRANTOSA,33,11,621,5.314009661835748,1.7713365539452495
2017,GRASSLYN MANOR,52,21,923,5.633802816901409,2.275189599133261
2017,GREEN MOOR,5,2,31,16.129032258064516,6.451612903225806
2017,GROVER HEIGHTS,11,5,96,11.458333333333332,5.208333333333334
2017,HALYARD PARK,13,5,187,6.951871657754011,2.6737967914438503
2017,HAMPTON HEIGHTS,215,100,1459,14.736120630568884,6.854009595613434
2017,HARAMBEE,419,197,3581,11.700642278693103,5.501256632225635
2017,HARBOR VIEW,5,2,449,1.1135857461024499,0.4454342984409799
2017,HAVENWOODS,14,5,92,15.217391304347828,5.434782608695652
2017,HAWLEY FARMS,7,3,242,2.8925619834710745,1.2396694214876034
2017,HAWTHORNE GLEN,3,2,68,4.411764705882353,2.941176470588235
2017,HAYMARKET,4,2,159,2.515723270440252,1.257861635220126
2017,HIGHWOOD ESTATES,11,4,655,1.6793893129770994,0.6106870229007634
2017,HILLSIDE,46,9,1092,4.212454212454213,0.8241758241758242
2017,HISTORIC MITCHELL STREET,231,106,2748,8.406113537117903,3.8573508005822417
2017,HISTORIC THIRD WARD,2,1,1030,0.1941747572815534,0.0970873786407767
2017,HOLLER PARK,1,0,40,2.5,0
2017,HONEY CREEK MANOR,9,2,413,2.1791767554479415,0.48426150121065376
2017,HONEY CREEK PARKWAY,3,1,175,1.7142857142857144,0.5714285714285714
2017,JACKSON PARK,89,30,1428,6.23249299719888,2.100840336134454
2017,JOHNSON'S WOODS,18,7,625,2.88,1.1199999999999999
2017,JUNEAU TOWN,27,13,2667,1.0123734533183353,0.4874390701162355
2017,KILBOURN TOWN,57,20,1878,3.035143769968051,1.0649627263045793
2017,KING PARK,58,18,840,6.904761904761905,2.142857142857143
2017,KOPS PARK,14,4,341,4.105571847507331,1.1730205278592376
2017,LAND BANK,1,1,10,10,10
2017,LAYTON PARK,37,17,960,3.854166666666667,1.7708333333333333
2017,LENOX HEIGHTS,35,15,441,7.936507936507936,3.4013605442176873
2017,LINCOLN CREEK,164,75,1553,10.56020605280103,4.829362524146812
2017,LINCOLN PARK,145,58,1295,11.196911196911197,4.478764478764479
2017,LINCOLN VILLAGE,256,133,2422,10.569777043765482,5.491329479768786
2017,LINDSAY PARK,100,42,1035,9.66183574879227,4.057971014492753
2017,LITTLE MENOMONEE PARKWAY,18,8,175,10.285714285714285,4.571428571428571
2017,LONG VIEW,84,29,548,15.328467153284672,5.291970802919708
2017,LOWER EAST SIDE,91,50,7975,1.141065830721003,0.6269592476489028
2017,LYONS PARK,3,0,145,2.0689655172413794,0
2017,MAITLAND PARK,6,1,202,2.9702970297029703,0.49504950495049505
2017,MAPLE TREE,181,62,682,26.53958944281525,9.090909090909092
2017,MARQUETTE,1,0,271,0.36900369003690037,0
2017,MARTIN DRIVE,26,11,523,4.97131931166348,2.1032504780114722
2017,MC GOVERN PARK,83,43,569,14.586994727592268,7.5571177504393665
2017,MELODY VIEW,46,18,169,27.218934911242602,10.650887573964498
2017,MENOMONEE RIVER HILLS,228,95,1462,15.595075239398085,6.49794801641587
2017,MENOMONEE RIVER HILLS EAST,100,33,409,24.449877750611247,8.06845965770171
2017,MENOMONEE RIVER PARKWAY,3,0,78,3.8461538461538463,0
2017,MENOMONEE RIVER VALLEY,1,1,32,3.125,3.125
2017,MERRILL PARK,209,102,1198,17.445742904841403,8.514190317195327
2017,METCALFE PARK,126,66,773,16.30012936610608,8.538163001293661
2017,MIDTOWN,214,104,1764,12.131519274376418,5.895691609977324
2017,MILLER VALLEY,49,26,388,12.628865979381443,6.701030927835052
2017,MITCHELL FIELD,1,1,68,1.4705882352941175,1.4705882352941175
2017,MITCHELL PARK,17,7,208,8.173076923076923,3.3653846153846154
2017,MITCHELL WEST,15,5,633,2.3696682464454977,0.7898894154818324
2017,MORGAN HEIGHTS,10,5,301,3.322259136212625,1.6611295681063125
2017,MORGANDALE,20,9,888,2.2522522522522523,1.0135135135135136
2017,MOUNT MARY,3,0,140,2.142857142857143,0
2017,MURRAY HILL,35,14,3230,1.08359133126935,0.43343653250773995
2017,MUSKEGO WAY,197,95,2404,8.19467554076539,3.951747088186356
2017,NASH PARK,24,10,432,5.555555555555555,2.314814814814815
2017,NATIONAL PARK,38,14,613,6.199021207177815,2.2838499184339316
2017,NEW COELN,25,12,23,108.69565217391303,52.17391304347826
2017,NORTH DIVISION,297,145,2093,14.190157668418538,6.927854753941711
2017,NORTH MEADOWS,1,1,1336,0.07485029940119761,0.07485029940119761
2017,NORTHPOINT,9,2,1286,0.6998444790046656,0.15552099533437014
2017,NORTHRIDGE,2,1,559,0.35778175313059035,0.17889087656529518
2017,OLD NORTH MILWAUKEE,636,326,3706,17.161359956826765,8.796546141392337
2017,PARK KNOLL,5,2,59,8.47457627118644,3.389830508474576
2017,PARK PLACE,1,1,12,8.333333333333332,8.333333333333332
2017,PARK VIEW,3,2,35,8.571428571428571,5.714285714285714
2017,PARK WEST,296,136,1743,16.98221457257602,7.802639127940333
2017,PARKWAY HILLS,15,8,199,7.537688442211055,4.0201005025125625
2017,PHEASANT RUN,1,0,175,0.5714285714285714,0
2017,POLONIA,50,23,865,5.780346820809249,2.6589595375722546
2017,RED OAK HEIGHTS,1,1,19,5.263157894736842,5.263157894736842
2017,RIVER BEND,2,1,229,0.8733624454148471,0.43668122270742354
2017,RIVERSIDE PARK,9,1,602,1.495016611295681,0.16611295681063123
2017,RIVERWEST,134,59,4180,3.2057416267942584,1.4114832535885167
2017,ROLLING GREEN,9,4,450,2,0.8888888888888888
2017,ROOSEVELT GROVE,162,83,1265,12.806324110671937,6.561264822134387
2017,ROOT CREEK,6,3,406,1.477832512315271,0.7389162561576355
2017,RUFUS KING,228,119,1089,20.9366391184573,10.927456382001836
2017,SAINT JOSEPH,223,110,1576,14.149746192893401,6.979695431472082
2017,SAVELAND PARK,1,1,144,0.6944444444444444,0.6944444444444444
2017,SHERMAN PARK,282,142,1683,16.755793226381464,8.43731431966726
2017,SILVER CITY,55,27,865,6.358381502890173,3.121387283236994
2017,SILVER SPRING,553,217,3027,18.268913115295675,7.1688140072679225
2017,SILVER SWAN,198,89,889,22.272215973003377,10.011248593925758
2017,SOUTHGATE,17,4,534,3.1835205992509366,0.7490636704119851
2017,SOUTHPOINT,50,20,933,5.359056806002144,2.1436227224008575
2017,ST. AMELIAN'S,39,17,334,11.676646706586826,5.089820359281437
2017,STORY HILL,10,4,355,2.8169014084507045,1.1267605633802817
2017,SUNSET HEIGHTS,49,20,731,6.703146374829001,2.7359781121751023
2017,THE VALLEY / PIGSVILLE,7,0,137,5.109489051094891,0
2017,THURSTON WOODS,155,63,974,15.91375770020534,6.46817248459959
2017,TIMMERMAN AIRPORT,13,1,162,8.024691358024691,0.6172839506172839
2017,TIMMERMAN WEST,132,45,1336,9.880239520958083,3.3682634730538923
2017,TIPPECANOE,13,7,708,1.8361581920903955,0.9887005649717515
2017,TOWN & COUNTRY MANOR,65,30,692,9.393063583815028,4.335260115606936
2017,TOWN OF LAKE,11,6,588,1.870748299319728,1.0204081632653061
2017,TRIANGLE,15,12,91,16.483516483516482,13.186813186813188
2017,TRIANGLE NORTH,27,13,530,5.09433962264151,2.4528301886792456
2017,TRIPOLI PARK,66,22,296,22.2972972972973,7.4324324324324325
2017,UPPER EAST SIDE,2,1,872,0.22935779816513763,0.11467889908256881
2017,UPTOWN,243,103,1515,16.03960396039604,6.798679867986798
2017,VALHALLA,291,139,1098,26.50273224043716,12.659380692167577
2017,VALLEY FORGE,1,0,60,1.6666666666666667,0
2017,VOGEL PARK,88,37,737,11.940298507462686,5.020352781546811
2017,WAHL PARK,91,29,612,14.869281045751634,4.738562091503268
2017,WALKER'S POINT,156,80,2780,5.611510791366906,2.877697841726619
2017,WALNUT HILL,84,36,588,14.285714285714285,6.122448979591836
2017,WASHINGTON HEIGHTS,59,27,1168,5.051369863013699,2.3116438356164384
2017,WASHINGTON PARK,227,128,1412,16.076487252124647,9.06515580736544
2017,WEDGEWOOD,8,6,247,3.2388663967611335,2.42914979757085
2017,WEST VIEW,8,3,413,1.937046004842615,0.7263922518159807
2017,WHITE MANOR,9,6,280,3.214285714285714,2.142857142857143
2017,WICK FIELD,3,1,193,1.5544041450777202,0.5181347150259068
2017,WILLIAMSBURG,81,43,606,13.366336633663368,7.095709570957095
2017,WILSON PARK,10,5,581,1.7211703958691909,0.8605851979345954
2017,WOODLAND COURT,23,10,341,6.744868035190615,2.932551319648094
2017,WYRICK PARK,57,26,574,9.930313588850174,4.529616724738676
2017,YANKEE HILL,37,24,2249,1.6451756336149401,1.0671409515340151
2018,ALCOTT PARK,2,1,64,3.125,1.5625
2018,ALVERNO,14,2,321,4.361370716510903,0.6230529595015576
2018,ARLINGTON GARDENS,45,26,390,11.538461538461538,6.666666666666667
2018,ARLINGTON HEIGHTS,154,82,1218,12.643678160919542,6.732348111658457
2018,AVENUES WEST,299,128,4998,5.9823929571828725,2.5610244097639057
2018,BARAN PARK,5,2,40,12.5,5
2018,BAY VIEW,48,20,3851,1.2464294988314724,0.5193456245131135
2018,BLUEMOUND HEIGHTS,14,5,738,1.8970189701897018,0.6775067750677507
2018,BORCHERT FIELD,139,68,988,14.068825910931174,6.882591093117409
2018,BRADLEY ESTATES,1,0,805,0.12422360248447205,0
2018,BREWER'S HILL,27,12,1102,2.4500907441016335,1.0889292196007259
2018,BURNHAM PARK,45,24,1090,4.128440366972478,2.2018348623853212
2018,CALUMET FARMS,4,3,722,0.554016620498615,0.41551246537396125
2018,CAMBRIDGE HEIGHTS,8,3,903,0.8859357696566998,0.33222591362126247
2018,CANNON PARK,5,5,652,0.7668711656441718,0.7668711656441718
2018,CAPITOL HEIGHTS,90,37,927,9.70873786407767,3.9913700107874863
2018,CASTLE MANOR,42,16,937,4.482390608324439,1.7075773745997866
2018,CLARKE SQUARE,143,75,1772,8.06997742663657,4.232505643340858
2018,CLOCK TOWER ACRES,26,10,419,6.205250596658711,2.386634844868735
2018,COLD SPRING PARK,131,67,1060,12.358490566037736,6.320754716981132
2018,COLLEGE HEIGHTS,1,1,24,4.166666666666666,4.166666666666666
2018,COLUMBUS PARK,93,43,746,12.466487935656836,5.7640750670241285
2018,CONCORDIA,410,191,1932,21.22153209109731,9.886128364389233
2018,COOPER PARK,17,8,505,3.3663366336633667,1.5841584158415842
2018,COPERNICUS PARK,4,1,41,9.75609756097561,2.4390243902439024
2018,DINEEN PARK,131,52,1185,11.054852320675106,4.388185654008439
2018,DOWNER WOODS,8,1,410,1.951219512195122,0.24390243902439024
2018,ENDERIS PARK,34,14,730,4.657534246575342,1.9178082191780823
2018,EUCLID PARK,12,5,615,1.951219512195122,0.8130081300813009
2018,FAIR PARK,8,6,236,3.389830508474576,2.5423728813559325
2018,FAIRFIELD,48,13,693,6.926406926406926,1.875901875901876
2018,FAIRVIEW,6,2,377,1.5915119363395225,0.5305039787798408
2018,FERNWOOD,1,1,479,0.20876826722338201,0.20876826722338201
2018,FLORIST HIGHLANDS,9,3,232,3.8793103448275863,1.293103448275862
2018,FOREST HOME HILLS,84,44,891,9.427609427609427,4.938271604938271
2018,FRANKLIN HEIGHTS,349,158,2153,16.209939619136087,7.338597306084534
2018,GARDEN HOMES,117,53,706,16.572237960339944,7.507082152974505
2018,GOLDEN GATE,3,3,22,13.636363636363635,13.636363636363635
2018,GOLDEN VALLEY,16,6,353,4.53257790368272,1.69971671388102
2018,GOLDMAN PARK,9,4,238,3.7815126050420167,1.680672268907563
2018,GRA-RAM,8,5,412,1.9417475728155338,1.2135922330097086
2018,GRACELAND,50,24,423,11.82033096926714,5.673758865248227
2018,GRANTOSA,44,25,623,7.062600321027287,4.012841091492777
2018,GRASSLYN MANOR,70,30,923,7.583965330444204,3.2502708559046587
2018,GREEN MOOR,5,3,30,16.666666666666664,10
2018,GROVER HEIGHTS,11,7,98,11.224489795918368,7.142857142857142
2018,HALYARD PARK,8,5,305,2.622950819672131,1.639344262295082
2018,HAMPTON HEIGHTS,263,118,1480,17.77027027027027,7.972972972972974
2018,HARAMBEE,392,173,3591,10.916179337231968,4.817599554441659
2018,HARBOR VIEW,5,2,448,1.1160714285714286,0.4464285714285714
2018,HAVENWOODS,14,5,94,14.893617021276595,5.319148936170213
2018,HAWLEY FARMS,7,2,236,2.9661016949152543,0.847457627118644
2018,HAWTHORNE GLEN,1,0,64,1.5625,0
2018,HAYMARKET,18,8,159,11.320754716981133,5.031446540880504
2018,HIGHWOOD ESTATES,11,7,649,1.694915254237288,1.078582434514638
2018,HILLSIDE,51,9,1095,4.657534246575342,0.821917808219178
2018,HISTORIC MITCHELL STREET,180,107,2755,6.533575317604355,3.8838475499092557
2018,HISTORIC THIRD WARD,2,1,1025,0.1951219512195122,0.0975609756097561
2018,HONEY CREEK MANOR,5,3,420,1.1904761904761905,0.7142857142857143
2018,HONEY CREEK PARKWAY,2,1,153,1.3071895424836601,0.6535947712418301
2018,JACKSON PARK,68,28,1412,4.815864022662889,1.9830028328611897
2018,JOHNSON'S WOODS,29,12,619,4.68497576736672,1.938610662358643
2018,JUNEAU TOWN,36,18,2972,1.2113055181695829,0.6056527590847914
2018,KILBOURN TOWN,60,23,1886,3.1813361611876987,1.2195121951219512
2018,KING PARK,67,30,832,8.052884615384617,3.6057692307692304
2018,KOPS PARK,12,6,352,3.4090909090909087,1.7045454545454544
2018,LAYTON PARK,53,28,975,5.435897435897436,2.871794871794872
2018,LENOX HEIGHTS,40,19,440,9.090909090909092,4.318181818181818
2018,LINCOLN CREEK,191,76,1586,12.042875157629256,4.791929382093317
2018,LINCOLN PARK,140,50,1311,10.678871090770405,3.8138825324180017
2018,LINCOLN VILLAGE,210,108,2471,8.498583569405099,4.370700121408336
2018,LINDSAY PARK,115,45,1016,11.318897637795274,4.429133858267717
2018,LITTLE MENOMONEE PARKWAY,18,9,174,10.344827586206897,5.172413793103448
2018,LONG VIEW,78,38,568,13.732394366197184,6.690140845070422
2018,LOWER EAST SIDE,102,44,8207,1.2428414767881077,0.5361276958693798
2018,LYONS PARK,4,2,148,2.7027027027027026,1.3513513513513513
2018,MAITLAND PARK,5,2,205,2.4390243902439024,0.975609756097561
2018,MAPLE TREE,171,57,691,24.746743849493487,8.24891461649783
2018,MARTIN DRIVE,24,8,513,4.678362573099415,1.5594541910331383
2018,MC GOVERN PARK,75,30,594,12.626262626262626,5.05050505050505
2018,MELODY VIEW,38,13,165,23.03030303030303,7.878787878787878
2018,MENOMONEE RIVER HILLS,213,100,1476,14.43089430894309,6.775067750677506
2018,MENOMONEE RIVER HILLS EAST,80,34,416,19.230769230769234,8.173076923076923
2018,MENOMONEE RIVER VALLEY,2,1,127,1.574803149606299,0.7874015748031495
2018,MERRILL PARK,174,92,1199,14.51209341117598,7.6730608840700585
2018,METCALFE PARK,121,48,762,15.879265091863518,6.299212598425196
2018,MIDTOWN,149,61,1738,8.57307249712313,3.5097813578826234
2018,MILL VALLEY,2,1,40,5,2.5
2018,MILLER VALLEY,36,16,391,9.207161125319693,4.092071611253197
2018,MITCHELL FIELD,2,0,71,2.8169014084507045,0
2018,MITCHELL PARK,20,5,209,9.569377990430622,2.3923444976076556
2018,MITCHELL WEST,15,7,642,2.336448598130841,1.0903426791277258
2018,MORGAN HEIGHTS,12,5,298,4.026845637583892,1.6778523489932886
2018,MORGANDALE,21,12,894,2.348993288590604,1.342281879194631
2018,MOUNT MARY,1,0,140,0.7142857142857143,0
2018,MURRAY HILL,38,9,3206,1.1852776044915783,0.280723643169058
2018,MUSKEGO WAY,181,86,2435,7.433264887063655,3.5318275154004106
2018,NASH PARK,30,14,442,6.787330316742081,3.167420814479638
2018,NATIONAL PARK,24,14,600,4,2.3333333333333335
2018,NEW COELN,20,14,25,80,56.00000000000001
2018,NORTH DIVISION,321,136,2055,15.62043795620438,6.618004866180048
2018,NORTH MEADOWS,2,1,1322,0.15128593040847202,0.07564296520423601
2018,NORTHPOINT,4,2,1285,0.311284046692607,0.1556420233463035
2018,NORTHRIDGE,6,0,554,1.083032490974729,0
2018,OLD NORTH MILWAUKEE,640,313,3762,17.01222753854333,8.320042530568847
2018,PARK KNOLL,3,2,55,5.454545454545454,3.6363636363636362
2018,PARK PLACE,2,1,11,18.181818181818183,9.090909090909092
2018,PARK VIEW,6,2,33,18.181818181818183,6.0606060606060606
2018,PARK WEST,254,119,1677,15.146094215861657,7.0960047704233755
2018,PARKWAY HILLS,15,6,198,7.575757575757576,3.0303030303030303
2018,POLONIA,40,18,867,4.61361014994233,2.0761245674740483
2018,RIVER BEND,5,4,224,2.232142857142857,1.7857142857142856
2018,RIVERSIDE PARK,15,4,584,2.5684931506849313,0.684931506849315
2018,RIVERWEST,88,38,4174,2.1082894106372785,0.9103977000479155
2018,ROLLING GREEN,11,6,456,2.4122807017543857,1.3157894736842104
2018,ROOSEVELT GROVE,142,54,1281,11.085089773614364,4.215456674473068
2018,ROOT CREEK,14,7,406,3.4482758620689653,1.7241379310344827
2018,RUFUS KING,207,101,1117,18.531781557743958,9.042076991942704
2018,SAINT JOSEPH,224,93,1593,14.061519146264908,5.83804143126177
2018,SAVELAND PARK,2,1,143,1.3986013986013985,0.6993006993006993
2018,SHERMAN PARK,301,135,1688,17.83175355450237,7.9976303317535535
2018,SILVER CITY,43,15,871,4.936854190585533,1.7221584385763489
2018,SILVER SPRING,559,223,2713,20.60449686693697,8.219683007740509
2018,SILVER SWAN,182,66,889,20.47244094488189,7.424071991001124
2018,SOUTHGATE,18,5,214,8.411214953271028,2.336448598130841
2018,SOUTHPOINT,48,22,929,5.166846071044134,2.3681377825618943
2018,ST. AMELIAN'S,21,7,343,6.122448979591836,2.0408163265306123
2018,STORY HILL,3,3,356,0.8426966292134831,0.8426966292134831
2018,SUNSET HEIGHTS,62,20,725,8.551724137931034,2.7586206896551726
2018,THE VALLEY / PIGSVILLE,11,3,139,7.913669064748201,2.158273381294964
2018,THURSTON WOODS,166,77,986,16.835699797160245,7.809330628803246
2018,TIMMERMAN AIRPORT,13,5,164,7.926829268292683,3.048780487804878
2018,TIMMERMAN WEST,128,44,1341,9.54511558538404,3.2811334824757643
2018,TIPPECANOE,10,3,713,1.402524544179523,0.42075736325385693
2018,TOWN & COUNTRY MANOR,49,16,699,7.0100143061516444,2.28898426323319
2018,TOWN OF LAKE,11,4,590,1.864406779661017,0.6779661016949152
2018,TRIANGLE,14,7,94,14.893617021276595,7.446808510638298
2018,TRIANGLE NORTH,23,7,535,4.299065420560748,1.3084112149532712
2018,TRIPOLI PARK,62,22,296,20.945945945945947,7.4324324324324325
2018,UPPER EAST SIDE,5,3,882,0.5668934240362812,0.3401360544217687
2018,UPTOWN,237,114,1525,15.540983606557376,7.475409836065573
2018,VALHALLA,308,132,1098,28.051001821493628,12.021857923497267
2018,VOGEL PARK,61,21,733,8.321964529331515,2.8649386084583903
2018,WAHL PARK,102,40,610,16.721311475409838,6.557377049180328
2018,WALKER'S POINT,131,66,2833,4.6240734204024,2.3296858453935756
2018,WALNUT HILL,82,36,571,14.36077057793345,6.304728546409807
2018,WASHINGTON HEIGHTS,65,28,1148,5.662020905923345,2.4390243902439024
2018,WASHINGTON PARK,261,117,1378,18.940493468795356,8.49056603773585
2018,WEST VIEW,11,5,418,2.631578947368421,1.1961722488038278
2018,WHITE MANOR,8,3,283,2.8268551236749118,1.0600706713780919
2018,WICK FIELD,1,0,196,0.5102040816326531,0
2018,WILLIAMSBURG,81,45,609,13.30049261083744,7.389162561576355
2018,WILSON PARK,8,4,588,1.3605442176870748,0.6802721088435374
2018,WOODLAND COURT,18,6,341,5.278592375366569,1.7595307917888565
2018,WYRICK PARK,53,21,577,9.185441941074524,3.6395147313691507
2018,YANKEE HILL,46,21,2253,2.041722148246782,0.9320905459387484
2019,ALCOTT PARK,1,1,57,1.7543859649122806,1.7543859649122806
2019,ALVERNO,18,7,226,7.964601769911504,3.0973451327433628
2019,ARLINGTON GARDENS,29,9,383,7.5718015665796345,2.3498694516971277
2019,ARLINGTON HEIGHTS,150,69,1268,11.829652996845425,5.441640378548896
2019,AVENUES WEST,264,90,5890,4.482173174872665,1.5280135823429541
2019,BARAN PARK,2,0,47,4.25531914893617,0
2019,BAY VIEW,50,14,4383,1.1407711613050422,0.31941592516541184
2019,BLUEMOUND HEIGHTS,17,6,798,2.1303258145363406,0.7518796992481203
2019,BORCHERT FIELD,141,76,1022,13.79647749510763,7.436399217221135
2019,BREWER'S HILL,36,12,1188,3.0303030303030303,1.0101010101010102
2019,BURNHAM PARK,36,18,1109,3.2461677186654643,1.6230838593327321
2019,CALUMET FARMS,9,6,720,1.25,0.8333333333333334
2019,CAMBRIDGE HEIGHTS,14,7,943,1.4846235418875928,0.7423117709437964
2019,CANNON PARK,4,3,640,0.625,0.46875
2019,CAPITOL HEIGHTS,85,31,948,8.966244725738397,3.2700421940928273
2019,CASTLE MANOR,35,11,993,3.5246727089627394,1.1077542799597182
2019,CLARKE SQUARE,133,58,1787,7.442641298265248,3.2456631225517625
2019,CLOCK TOWER ACRES,29,12,454,6.387665198237885,2.643171806167401
2019,COLD SPRING PARK,138,60,842,16.389548693586697,7.1258907363420425
2019,COLLEGE HEIGHTS,1,0,24,4.166666666666666,0
2019,COLUMBUS PARK,90,34,811,11.097410604192355,4.192355117139334
2019,CONCORDIA,372,181,1934,19.23474663908997,9.358841778697
2019,COOPER PARK,18,7,500,3.5999999999999996,1.4000000000000001
2019,DINEEN PARK,146,56,1223,11.937857726901063,4.5789043336058866
2019,DOWNER WOODS,5,1,427,1.1709601873536302,0.234192037470726
2019,ENDERIS PARK,38,15,755,5.033112582781457,1.9867549668874174
2019,ESTABROOK PARK,6,3,381,1.574803149606299,0.7874015748031495
2019,EUCLID PARK,8,4,610,1.3114754098360655,0.6557377049180327
2019,FAIR PARK,4,4,236,1.694915254237288,1.694915254237288
2019,FAIRFIELD,36,9,310,11.612903225806452,2.903225806451613
2019,FAIRVIEW,8,4,359,2.2284122562674096,1.1142061281337048
2019,FERNWOOD,5,4,501,0.998003992015968,0.7984031936127743
2019,FLORIST HIGHLANDS,5,4,225,2.2222222222222223,1.7777777777777777
2019,FOREST HOME HILLS,76,37,978,7.770961145194274,3.783231083844581
2019,FRANKLIN HEIGHTS,341,149,2260,15.08849557522124,6.592920353982301
2019,GARDEN HOMES,121,56,745,16.241610738255034,7.516778523489933
2019,GOLDEN VALLEY,8,6,355,2.2535211267605635,1.6901408450704223
2019,GOLDMAN PARK,8,7,240,3.3333333333333335,2.9166666666666665
2019,GRA-RAM,5,3,403,1.240694789081886,0.7444168734491315
2019,GRACELAND,52,21,424,12.264150943396226,4.952830188679245
2019,GRANTOSA,26,13,629,4.133545310015898,2.066772655007949
2019,GRANVILLE STATION,1,0,718,0.1392757660167131,0
2019,GRASSLYN MANOR,60,18,902,6.651884700665188,1.9955654101995564
2019,GREEN MOOR,2,1,49,4.081632653061225,2.0408163265306123
2019,GROVER HEIGHTS,10,2,95,10.526315789473683,2.1052631578947367
2019,HALYARD PARK,16,5,319,5.015673981191222,1.5673981191222568
2019,HAMPTON HEIGHTS,208,87,1506,13.811420982735722,5.776892430278884
2019,HARAMBEE,426,181,3568,11.939461883408072,5.072869955156951
2019,HARBOR VIEW,1,0,655,0.15267175572519084,0
2019,HAVENWOODS,10,3,91,10.989010989010989,3.296703296703297
2019,HAWLEY FARMS,9,3,245,3.6734693877551026,1.2244897959183674
2019,HAWTHORNE GLEN,1,0,79,1.2658227848101267,0
2019,HAYMARKET,29,3,166,17.46987951807229,1.8072289156626504
2019,HIGHWOOD ESTATES,11,8,641,1.71606864274571,1.24804992199688
2019,HILLSIDE,40,10,495,8.080808080808081,2.0202020202020203
2019,HISTORIC MITCHELL STREET,163,93,3091,5.27337431252022,3.0087350372047883
2019,HOLLER PARK,1,1,36,2.7777777777777777,2.7777777777777777
2019,HONEY CREEK MANOR,11,2,416,2.644230769230769,0.4807692307692308
2019,HONEY CREEK PARKWAY,3,1,159,1.8867924528301887,0.628930817610063
2019,JACKSON PARK,71,33,1437,4.940848990953375,2.2964509394572024
2019,JOHNSON'S WOODS,27,11,602,4.485049833887043,1.8272425249169437
2019,JUNEAU TOWN,48,16,3275,1.465648854961832,0.4885496183206107
2019,KILBOURN TOWN,105,36,2588,4.057187017001546,1.3910355486862442
2019,KING PARK,38,18,832,4.567307692307692,2.1634615384615383
2019,KOPS PARK,17,6,350,4.857142857142857,1.7142857142857144
2019,LAYTON PARK,40,17,1163,3.4393809114359417,1.4617368873602752
2019,LENOX HEIGHTS,27,15,454,5.947136563876652,3.303964757709251
2019,LINCOLN CREEK,186,74,1598,11.639549436795996,4.630788485607009
2019,LINCOLN PARK,160,69,1093,14.63860933211345,6.312900274473924
2019,LINCOLN VILLAGE,185,101,2740,6.751824817518248,3.686131386861314
2019,LINDSAY PARK,106,39,1016,10.433070866141732,3.8385826771653546
2019,LITTLE MENOMONEE PARKWAY,18,6,177,10.16949152542373,3.389830508474576
2019,LONG VIEW,67,30,573,11.69284467713787,5.2356020942408374
2019,LOWER EAST SIDE,115,47,8305,1.3847080072245637,0.5659241420830825
2019,LYONS PARK,4,2,155,2.5806451612903225,1.2903225806451613
2019,MAITLAND PARK,4,3,209,1.9138755980861244,1.4354066985645932
2019,MAPLE TREE,169,55,685,24.671532846715326,8.02919708029197
2019,MARQUETTE,1,1,298,0.33557046979865773,0.33557046979865773
2019,MARTIN DRIVE,25,12,503,4.970178926441352,2.3856858846918487
2019,MC GOVERN PARK,72,24,593,12.141652613827993,4.0472175379426645
2019,MELODY VIEW,33,13,167,19.760479041916167,7.784431137724551
2019,MENOMONEE RIVER HILLS,219,96,1469,14.908100748808714,6.535057862491491
2019,MENOMONEE RIVER HILLS EAST,66,28,482,13.692946058091287,5.809128630705394
2019,MENOMONEE RIVER PARKWAY,3,0,84,3.571428571428571,0
2019,MERRILL PARK,156,77,1134,13.756613756613756,6.790123456790123
2019,METCALFE PARK,140,54,770,18.181818181818183,7.012987012987012
2019,MIDTOWN,155,59,1787,8.673754896474538,3.301622831561276
2019,MILL VALLEY,1,0,63,1.5873015873015872,0
2019,MILLER VALLEY,50,23,385,12.987012987012985,5.974025974025974
2019,MITCHELL FIELD,1,0,588,0.17006802721088435,0
2019,MITCHELL PARK,19,5,179,10.614525139664805,2.793296089385475
2019,MITCHELL WEST,21,9,877,2.394526795895097,1.0262257696693273
2019,MORGAN HEIGHTS,6,3,318,1.8867924528301887,0.9433962264150944
2019,MORGANDALE,17,9,995,1.7085427135678393,0.9045226130653266
2019,MOUNT MARY,1,0,153,0.6535947712418301,0
2019,MURRAY HILL,36,12,3306,1.0889292196007259,0.3629764065335753
2019,MUSKEGO WAY,164,86,2719,6.031629275468922,3.1629275468922398
2019,NASH PARK,19,3,435,4.3678160919540225,0.6896551724137931
2019,NATIONAL PARK,30,17,581,5.163511187607573,2.9259896729776247
2019,NEW COELN,22,14,27,81.48148148148148,51.85185185185185
2019,NORTH DIVISION,274,109,2140,12.803738317757011,5.093457943925234
2019,NORTH MEADOWS,1,1,1294,0.07727975270479134,0.07727975270479134
2019,NORTHPOINT,14,4,1442,0.9708737864077669,0.27739251040221913
2019,NORTHRIDGE,3,2,558,0.5376344086021506,0.35842293906810035
2019,NORTHRIDGE LAKES,1,0,1098,0.09107468123861566,0
2019,OLD NORTH MILWAUKEE,640,311,3894,16.43554185927067,7.986646122239343
2019,PARK KNOLL,1,0,56,1.7857142857142856,0
2019,PARK VIEW,6,3,45,13.333333333333334,6.666666666666667
2019,PARK WEST,255,121,1734,14.705882352941178,6.978085351787774
2019,PARKWAY HILLS,23,10,203,11.330049261083744,4.926108374384237
2019,PHEASANT RUN,1,0,172,0.5813953488372093,0
2019,POLONIA,43,24,978,4.396728016359918,2.4539877300613497
2019,RED OAK HEIGHTS,1,1,21,4.761904761904762,4.761904761904762
2019,RIVER BEND,5,3,217,2.3041474654377883,1.3824884792626728
2019,RIVERSIDE PARK,16,6,605,2.644628099173554,0.9917355371900827
2019,RIVERWEST,118,65,4097,2.8801562118623383,1.5865267268733219
2019,ROLLING GREEN,7,4,438,1.5981735159817352,0.91324200913242
2019,ROOSEVELT GROVE,148,72,1311,11.289092295957284,5.491990846681922
2019,ROOT CREEK,15,10,442,3.3936651583710407,2.262443438914027
2019,RUFUS KING,236,123,1134,20.811287477954142,10.846560846560847
2019,SAINT JOSEPH,203,95,1595,12.727272727272727,5.956112852664576
2019,SAVELAND PARK,1,1,152,0.6578947368421052,0.6578947368421052
2019,SHERMAN PARK,277,128,1754,15.792474344355758,7.297605473204105
2019,SILVER CITY,52,22,940,5.531914893617021,2.3404255319148937
2019,SILVER SPRING,609,255,2734,22.275054864667155,9.326993416239942
2019,SILVER SWAN,221,84,891,24.803591470258137,9.427609427609427
2019,SOUTHGATE,10,5,220,4.545454545454546,2.272727272727273
2019,SOUTHPOINT,52,26,929,5.597416576964478,2.798708288482239
2019,ST. AMELIAN'S,37,15,362,10.220994475138122,4.143646408839778
2019,STORY HILL,4,0,408,0.9803921568627451,0
2019,SUNSET HEIGHTS,58,25,748,7.754010695187167,3.342245989304813
2019,THE VALLEY / PIGSVILLE,4,3,140,2.857142857142857,2.142857142857143
2019,THURSTON WOODS,163,62,993,16.414904330312186,6.243705941591138
2019,TIMMERMAN AIRPORT,20,7,162,12.345679012345679,4.320987654320987
2019,TIMMERMAN WEST,133,40,1368,9.722222222222223,2.923976608187134
2019,TIPPECANOE,8,6,759,1.0540184453227932,0.7905138339920948
2019,TOWN & COUNTRY MANOR,68,37,635,10.708661417322835,5.826771653543307
2019,TOWN OF LAKE,5,2,609,0.8210180623973727,0.3284072249589491
2019,TRIANGLE,10,4,101,9.900990099009901,3.9603960396039604
2019,TRIANGLE NORTH,40,15,490,8.16326530612245,3.061224489795918
2019,TRIPOLI PARK,67,25,302,22.185430463576157,8.27814569536424
2019,UPPER EAST SIDE,4,2,878,0.45558086560364464,0.22779043280182232
2019,UPTOWN,194,85,1609,12.057178371659417,5.282784338098198
2019,VALHALLA,299,114,1122,26.648841354723707,10.16042780748663
2019,VALLEY FORGE,5,1,55,9.090909090909092,1.8181818181818181
2019,VOGEL PARK,79,37,740,10.675675675675675,5
2019,WAHL PARK,90,29,625,14.399999999999999,4.64
2019,WALKER'S POINT,147,75,3485,4.218077474892397,2.1520803443328553
2019,WALNUT HILL,85,28,649,13.097072419106318,4.314329738058552
2019,WASHINGTON HEIGHTS,68,28,1212,5.6105610561056105,2.31023102310231
2019,WASHINGTON PARK,225,95,1436,15.668523676880222,6.615598885793872
2019,WEDGEWOOD,2,1,240,0.8333333333333334,0.4166666666666667
2019,WEST VIEW,3,1,523,0.5736137667304015,0.19120458891013384
2019,WHITE MANOR,16,10,283,5.6537102473498235,3.53356890459364
2019,WICK FIELD,3,2,208,1.4423076923076923,0.9615384615384616
2019,WILLIAMSBURG,95,39,645,14.728682170542637,6.046511627906977
2019,WILSON PARK,10,4,578,1.7301038062283738,0.6920415224913495
2019,WOODLAND COURT,36,12,337,10.682492581602373,3.5608308605341246
2019,WYRICK PARK,53,19,579,9.153713298791018,3.281519861830743
2019,YANKEE HILL,59,29,2826,2.0877565463552723,1.0261854210898798
2020,ALVERNO,7,1,287,2.4390243902439024,0.34843205574912894
2020,ARLINGTON GARDENS,22,2,369,5.9620596205962055,0.5420054200542005
2020,ARLINGTON HEIGHTS,109,47,1270,8.582677165354331,3.7007874015748032
2020,AVENUES WEST,178,51,5884,3.0251529571719917,0.866757307953773
2020,BAY VIEW,25,9,4563,0.5478851632697787,0.19723865877712032
2020,BLUEMOUND HEIGHTS,22,8,773,2.846054333764554,1.034928848641656
2020,BORCHERT FIELD,90,36,1015,8.866995073891626,3.5467980295566504
2020,BRADLEY ESTATES,1,0,763,0.1310615989515072,0
2020,BREWER'S HILL,27,10,1185,2.278481012658228,0.8438818565400843
2020,BURNHAM PARK,51,29,1114,4.578096947935368,2.6032315978456015
2020,CALUMET FARMS,3,2,717,0.41841004184100417,0.2789400278940028
2020,CAMBRIDGE HEIGHTS,7,1,938,0.7462686567164178,0.10660980810234541
2020,CANNON PARK,3,3,640,0.46875,0.46875
2020,CAPITOL HEIGHTS,57,17,942,6.050955414012739,1.8046709129511678
2020,CASTLE MANOR,38,10,984,3.861788617886179,1.0162601626016259
2020,CLARKE SQUARE,114,48,1832,6.222707423580786,2.6200873362445414
2020,CLOCK TOWER ACRES,13,5,455,2.857142857142857,1.098901098901099
2020,COLD SPRING PARK,93,37,838,11.097852028639618,4.41527446300716
2020,COLLEGE HEIGHTS,1,0,19,5.263157894736842,0
2020,COLUMBUS PARK,67,16,783,8.55683269476373,2.0434227330779056
2020,CONCORDIA,171,59,1857,9.208400646203554,3.1771674744211094
2020,COOPER PARK,8,2,495,1.6161616161616161,0.40404040404040403
2020,COPERNICUS PARK,1,1,38,2.631578947368421,2.631578947368421
2020,DINEEN PARK,65,19,1213,5.3586150041220115,1.5663643858202803
2020,ENDERIS PARK,25,9,764,3.2722513089005236,1.1780104712041886
2020,ESTABROOK PARK,3,1,380,0.7894736842105263,0.2631578947368421
2020,EUCLID PARK,5,0,604,0.8278145695364238,0
2020,FAIR PARK,6,2,236,2.5423728813559325,0.847457627118644
2020,FAIRFIELD,23,9,312,7.371794871794872,2.8846153846153846
2020,FAIRVIEW,1,0,350,0.2857142857142857,0
2020,FERNWOOD,2,1,490,0.40816326530612246,0.20408163265306123
2020,FLORIST HIGHLANDS,5,1,206,2.4271844660194173,0.48543689320388345
2020,FOREST HOME HILLS,66,29,987,6.68693009118541,2.9381965552178317
2020,FRANKLIN HEIGHTS,259,97,2231,11.609143881667414,4.3478260869565215
2020,GARDEN HOMES,75,27,737,10.176390773405698,3.6635006784260513
2020,GOLDEN VALLEY,6,0,348,1.7241379310344827,0
2020,GOLDMAN PARK,9,3,237,3.79746835443038,1.2658227848101267
2020,GRA-RAM,5,2,403,1.240694789081886,0.49627791563275436
2020,GRACELAND,26,9,413,6.2953995157385,2.1791767554479415
2020,GRANTOSA,30,3,622,4.823151125401929,0.482315112540193
2020,GRASSLYN MANOR,45,15,878,5.125284738041002,1.7084282460136675
2020,GROVER HEIGHTS,9,2,96,9.375,2.083333333333333
2020,HALYARD PARK,5,3,308,1.6233766233766231,0.974025974025974
2020,HAMPTON HEIGHTS,168,54,1485,11.313131313131313,3.6363636363636362
2020,HARAMBEE,296,119,3508,8.437856328392247,3.3922462941847207
2020,HARBOR VIEW,3,2,641,0.46801872074883,0.31201248049922
2020,HAVENWOODS,11,3,89,12.359550561797752,3.3707865168539324
2020,HAWLEY FARMS,6,2,243,2.4691358024691357,0.823045267489712
2020,HAWTHORNE GLEN,1,1,74,1.3513513513513513,1.3513513513513513
2020,HAYMARKET,21,4,166,12.650602409638553,2.4096385542168677
2020,HIGHWOOD ESTATES,8,2,637,1.2558869701726845,0.3139717425431711
2020,HILLSIDE,16,4,496,3.225806451612903,0.8064516129032258
2020,HISTORIC MITCHELL STREET,129,48,3083,4.184236133636069,1.5569250729808628
2020,HISTORIC THIRD WARD,2,1,1496,0.1336898395721925,0.06684491978609625
2020,HOLLER PARK,1,1,36,2.7777777777777777,2.7777777777777777
2020,HONEY CREEK MANOR,11,2,418,2.631578947368421,0.4784688995215311
2020,HONEY CREEK PARKWAY,3,0,243,1.2345679012345678,0
2020,JACKSON PARK,58,22,1426,4.067321178120617,1.5427769985974753
2020,JOHNSON'S WOODS,8,1,600,1.3333333333333335,0.16666666666666669
2020,JUNEAU TOWN,16,6,3281,0.48765620237732393,0.1828710758914965
2020,KILBOURN TOWN,40,9,2757,1.4508523757707652,0.3264417845484222
2020,KING PARK,19,9,831,2.286401925391095,1.083032490974729
2020,KOPS PARK,9,0,326,2.7607361963190185,0
2020,LAYTON PARK,22,5,1146,1.9197207678883073,0.4363001745200698
2020,LENOX HEIGHTS,20,6,440,4.545454545454546,1.3636363636363635
2020,LINCOLN CREEK,98,21,1571,6.238064926798217,1.336728198599618
2020,LINCOLN PARK,80,23,1086,7.366482504604052,2.117863720073665
2020,LINCOLN VILLAGE,151,60,2707,5.578130772072405,2.2164758034724787
2020,LINDSAY PARK,60,17,1000,6,1.7000000000000002
2020,LITTLE MENOMONEE PARKWAY,15,5,180,8.333333333333332,2.7777777777777777
2020,LONG VIEW,53,9,560,9.464285714285714,1.607142857142857
2020,LOWER EAST SIDE,78,33,8546,0.912707699508542,0.38614556517669085
2020,LYONS PARK,2,0,149,1.342281879194631,0
2020,MAITLAND PARK,5,2,209,2.3923444976076556,0.9569377990430622
2020,MAPLE TREE,98,20,670,14.626865671641792,2.9850746268656714
2020,MARTIN DRIVE,19,9,498,3.815261044176707,1.8072289156626504
2020,MC GOVERN PARK,43,10,583,7.375643224699828,1.7152658662092626
2020,MELODY VIEW,13,5,168,7.738095238095238,2.976190476190476
2020,MENOMONEE RIVER HILLS,125,30,1462,8.549931600547197,2.0519835841313268
2020,MENOMONEE RIVER HILLS EAST,42,12,479,8.768267223382047,2.5052192066805845
2020,MENOMONEE RIVER VALLEY,3,0,135,2.2222222222222223,0
2020,MERRILL PARK,99,30,1121,8.831400535236396,2.6761819803746656
2020,METCALFE PARK,95,27,755,12.582781456953644,3.576158940397351
2020,MIDTOWN,130,48,1778,7.311586051743532,2.699662542182227
2020,MILLER VALLEY,25,11,384,6.510416666666667,2.864583333333333
2020,MITCHELL FIELD,1,0,587,0.17035775127768313,0
2020,MITCHELL PARK,27,5,179,15.083798882681565,2.793296089385475
2020,MITCHELL WEST,11,5,866,1.2702078521939952,0.5773672055427251
2020,MORGAN HEIGHTS,2,1,317,0.6309148264984227,0.31545741324921134
2020,MORGANDALE,13,5,977,1.3306038894575232,0.511770726714432
2020,MOUNT MARY,1,0,158,0.6329113924050633,0
2020,MURRAY HILL,33,15,3284,1.0048721071863582,0.45676004872107184
2020,MUSKEGO WAY,106,36,2729,3.884206669109564,1.31916452913155
2020,NASH PARK,10,2,428,2.336448598130841,0.46728971962616817
2020,NATIONAL PARK,13,5,574,2.264808362369338,0.8710801393728222
2020,NEW COELN,20,9,25,80,36
2020,NORTH DIVISION,201,74,2097,9.585121602288984,3.528850739151168
2020,NORTH MEADOWS,17,5,1291,1.3168086754453912,0.3872966692486445
2020,NORTHPOINT,6,2,1440,0.4166666666666667,0.1388888888888889
2020,NORTHRIDGE LAKES,1,1,1097,0.09115770282588878,0.09115770282588878
2020,OLD NORTH MILWAUKEE,446,167,3924,11.365953109072375,4.255861365953109
2020,PARK KNOLL,2,1,55,3.6363636363636362,1.8181818181818181
2020,PARK VIEW,4,2,42,9.523809523809524,4.761904761904762
2020,PARK WEST,178,60,1696,10.495283018867925,3.5377358490566038
2020,PARKWAY HILLS,10,2,198,5.05050505050505,1.0101010101010102
2020,POLONIA,33,11,962,3.4303534303534304,1.1434511434511436
2020,RIVER BEND,5,1,214,2.336448598130841,0.46728971962616817
2020,RIVERSIDE PARK,7,3,598,1.1705685618729096,0.5016722408026756
2020,RIVERWEST,68,22,4026,1.689021361152509,0.546448087431694
2020,ROLLING GREEN,10,3,430,2.3255813953488373,0.6976744186046512
2020,ROOSEVELT GROVE,103,39,1312,7.850609756097561,2.972560975609756
2020,ROOT CREEK,9,2,433,2.0785219399538106,0.4618937644341801
2020,RUFUS KING,120,50,1134,10.582010582010582,4.409171075837742
2020,SAINT JOSEPH,150,62,1571,9.548058561425844,3.946530872056015
2020,SAVELAND PARK,2,1,147,1.3605442176870748,0.6802721088435374
2020,SHERMAN PARK,189,63,1749,10.806174957118353,3.6020583190394513
2020,SILVER CITY,42,10,932,4.506437768240343,1.0729613733905579
2020,SILVER SPRING,341,79,2737,12.45889660211911,2.88637194008038
2020,SILVER SWAN,146,42,887,16.459977452085685,4.735062006764374
2020,SOUTHGATE,1,1,217,0.4608294930875576,0.4608294930875576
2020,SOUTHPOINT,40,10,931,4.296455424274973,1.0741138560687433
2020,ST. AMELIAN'S,19,9,354,5.367231638418079,2.5423728813559325
2020,STORY HILL,6,5,405,1.4814814814814816,1.2345679012345678
2020,SUNSET HEIGHTS,58,18,714,8.123249299719888,2.5210084033613445
2020,THE VALLEY / PIGSVILLE,3,0,138,2.1739130434782608,0
2020,THURSTON WOODS,122,37,995,12.261306532663317,3.7185929648241203
2020,TIMMERMAN AIRPORT,5,0,161,3.1055900621118013,0
2020,TIMMERMAN WEST,84,15,1368,6.140350877192982,1.0964912280701753
2020,TIPPECANOE,8,2,749,1.0680907877169559,0.26702269692923897
2020,TOWN & COUNTRY MANOR,37,10,622,5.94855305466238,1.607717041800643
2020,TOWN OF LAKE,6,3,609,0.9852216748768473,0.49261083743842365
2020,TRIANGLE,8,4,99,8.080808080808081,4.040404040404041
2020,TRIANGLE NORTH,18,8,493,3.6511156186612577,1.6227180527383367
2020,TRIPOLI PARK,39,12,300,13,4
2020,UPPER EAST SIDE,1,0,934,0.10706638115631692,0
2020,UPTOWN,146,48,1604,9.102244389027431,2.9925187032418954
2020,VALHALLA,166,45,1121,14.80820695807315,4.014272970561998
2020,VALLEY FORGE,2,1,54,3.7037037037037033,1.8518518518518516
2020,VOGEL PARK,51,12,740,6.891891891891892,1.6216216216216217
2020,WAHL PARK,69,15,623,11.075441412520064,2.4077046548956664
2020,WALKER'S POINT,99,36,3736,2.6498929336188435,0.9635974304068522
2020,WALNUT HILL,44,15,640,6.875000000000001,2.34375
2020,WASHINGTON HEIGHTS,43,14,1201,3.5803497085761866,1.1656952539550374
2020,WASHINGTON PARK,165,58,1414,11.66902404526167,4.101838755304102
2020,WEST VIEW,2,1,519,0.3853564547206166,0.1926782273603083
2020,WHITE MANOR,9,5,283,3.180212014134275,1.76678445229682
2020,WICK FIELD,2,2,212,0.9433962264150944,0.9433962264150944
2020,WILLIAMSBURG,66,22,632,10.443037974683545,3.481012658227848
2020,WILSON PARK,9,4,575,1.565217391304348,0.6956521739130435
2020,WOODLAND COURT,27,6,344,7.848837209302325,1.744186046511628
2020,WYRICK PARK,26,12,579,4.490500863557859,2.072538860103627
2020,YANKEE HILL,24,9,2809,0.8543965824136703,0.3203987184051264
2021,ALVERNO,5,1,286,1.7482517482517483,0.34965034965034963
2021,ARLINGTON GARDENS,11,4,369,2.9810298102981028,1.084010840108401
2021,ARLINGTON HEIGHTS,114,57,1259,9.054805401111993,4.527402700555997
2021,AVENUES WEST,182,77,5876,3.0973451327433628,1.3104152484683458
2021,BARAN PARK,1,1,53,1.8867924528301887,1.8867924528301887
2021,BAY VIEW,29,15,4537,0.6391888913378885,0.3306149437954596
2021,BLUEMOUND HEIGHTS,23,6,761,3.0223390275952693,0.7884362680683311
2021,BORCHERT FIELD,105,46,1005,10.44776119402985,4.577114427860696
2021,BRADLEY ESTATES,1,0,776,0.12886597938144329,0
2021,BREWER'S HILL,12,9,1159,1.0353753235547885,0.7765314926660914
2021,BURNHAM PARK,23,10,1090,2.1100917431192663,0.9174311926605505
2021,CALUMET FARMS,4,2,715,0.5594405594405595,0.27972027972027974
2021,CAMBRIDGE HEIGHTS,7,3,933,0.7502679528403001,0.3215434083601286
2021,CANNON PARK,2,1,641,0.31201248049922,0.15600624024961
2021,CAPITOL HEIGHTS,53,14,925,5.72972972972973,1.5135135135135136
2021,CASTLE MANOR,33,12,978,3.374233128834356,1.2269938650306749
2021,CLARKE SQUARE,96,41,1810,5.303867403314917,2.2651933701657456
2021,CLAYTON CREST,2,1,47,4.25531914893617,2.127659574468085
2021,CLOCK TOWER ACRES,20,11,453,4.415011037527594,2.4282560706401766
2021,COLD SPRING PARK,117,66,830,14.096385542168674,7.951807228915662
2021,COLUMBUS PARK,61,26,771,7.911802853437094,3.372243839169909
2021,CONCORDIA,140,84,1858,7.534983853606028,4.520990312163617
2021,COOPER PARK,8,0,485,1.6494845360824744,0
2021,DINEEN PARK,46,23,1191,3.8623005877413936,1.9311502938706968
2021,DOWNER WOODS,5,1,430,1.1627906976744187,0.23255813953488372
2021,ENDERIS PARK,28,9,759,3.689064558629776,1.185770750988142
2021,EUCLID PARK,3,3,605,0.49586776859504134,0.49586776859504134
2021,FAIR PARK,3,1,231,1.2987012987012987,0.4329004329004329
2021,FAIRFIELD,19,11,304,6.25,3.618421052631579
2021,FAIRVIEW,10,3,347,2.881844380403458,0.8645533141210375
2021,FERNWOOD,2,1,482,0.4149377593360996,0.2074688796680498
2021,FLORIST HIGHLANDS,8,4,204,3.9215686274509802,1.9607843137254901
2021,FOREST HOME HILLS,50,20,973,5.138746145940391,2.055498458376156
2021,FRANKLIN HEIGHTS,228,75,2246,10.151380231522706,3.3392698130008904
2021,GARDEN HOMES,67,37,729,9.190672153635116,5.075445816186557
2021,GOLDEN GATE,1,0,13,7.6923076923076925,0
2021,GOLDEN VALLEY,6,2,333,1.8018018018018018,0.6006006006006006
2021,GOLDMAN PARK,14,8,237,5.9071729957805905,3.375527426160337
2021,GRA-RAM,9,7,405,2.2222222222222223,1.728395061728395
2021,GRACELAND,37,11,396,9.343434343434344,2.7777777777777777
2021,GRANTOSA,11,4,609,1.8062397372742198,0.6568144499178982
2021,GRASSLYN MANOR,53,21,871,6.084959816303099,2.4110218140068884
2021,GROVER HEIGHTS,9,6,94,9.574468085106384,6.382978723404255
2021,HALYARD PARK,7,3,306,2.287581699346405,0.9803921568627451
2021,HAMPTON HEIGHTS,133,50,1458,9.122085048010973,3.4293552812071333
2021,HARAMBEE,268,120,3483,7.694516221648004,3.4453057708871664
2021,HARBOR VIEW,3,2,634,0.47318611987381703,0.31545741324921134
2021,HARDER'S OAKS,1,1,13,7.6923076923076925,7.6923076923076925
2021,HAVENWOODS,4,1,90,4.444444444444445,1.1111111111111112
2021,HAWLEY FARMS,6,2,240,2.5,0.8333333333333334
2021,HAWTHORNE GLEN,1,1,77,1.2987012987012987,1.2987012987012987
2021,HAYMARKET,38,14,166,22.89156626506024,8.433734939759036
2021,HERITAGE HEIGHTS,1,0,16,6.25,0
2021,HIGHWOOD ESTATES,8,5,627,1.2759170653907497,0.7974481658692184
2021,HILLSIDE,18,8,498,3.614457831325301,1.6064257028112447
2021,HISTORIC MITCHELL STREET,154,75,3070,5.0162866449511405,2.44299674267101
2021,HISTORIC THIRD WARD,1,1,1551,0.06447453255963895,0.06447453255963895
2021,HONEY CREEK MANOR,8,2,415,1.9277108433734942,0.48192771084337355
2021,HONEY CREEK PARKWAY,4,1,236,1.694915254237288,0.423728813559322
2021,JACKSON PARK,41,22,1411,2.9057406094968106,1.559177888022679
2021,JOHNSON'S WOODS,9,4,595,1.5126050420168067,0.6722689075630253
2021,JUNEAU TOWN,23,13,3210,0.7165109034267912,0.4049844236760125
2021,KILBOURN TOWN,57,24,2759,2.065965929684668,0.8698803914461761
2021,KING PARK,21,10,827,2.539298669891173,1.2091898428053205
2021,KOPS PARK,8,2,321,2.4922118380062304,0.6230529595015576
2021,LAYTON PARK,44,22,1127,3.904170363797693,1.9520851818988465
2021,LENOX HEIGHTS,18,6,421,4.275534441805226,1.4251781472684086
2021,LINCOLN CREEK,102,36,1545,6.601941747572816,2.3300970873786406
2021,LINCOLN PARK,52,26,1074,4.8417132216014895,2.4208566108007448
2021,LINCOLN VILLAGE,155,80,2722,5.694342395297576,2.9390154298310067
2021,LINDSAY PARK,73,27,997,7.3219658976930795,2.708124373119358
2021,LITTLE MENOMONEE PARKWAY,7,3,179,3.910614525139665,1.675977653631285
2021,LONG VIEW,44,14,551,7.985480943738657,2.540834845735027
2021,LOWER EAST SIDE,78,33,8529,0.9145269081955681,0.38691523039043263
2021,LYONS PARK,4,2,146,2.73972602739726,1.36986301369863
2021,MACK ACRES,1,0,3,33.33333333333333,0
2021,MAITLAND PARK,3,0,208,1.4423076923076923,0
2021,MAPLE TREE,47,16,673,6.983655274888559,2.37741456166419
2021,MARTIN DRIVE,14,5,486,2.880658436213992,1.02880658436214
2021,MC GOVERN PARK,53,21,589,8.998302207130731,3.5653650254668934
2021,MELODY VIEW,2,1,165,1.2121212121212122,0.6060606060606061
2021,MENOMONEE RIVER HILLS,96,46,1440,6.666666666666667,3.194444444444444
2021,MENOMONEE RIVER HILLS EAST,24,12,478,5.02092050209205,2.510460251046025
2021,MENOMONEE RIVER PARKWAY,3,0,83,3.614457831325301,0
2021,MERRILL PARK,76,42,1206,6.301824212271974,3.482587064676617
2021,METCALFE PARK,97,26,751,12.916111850865514,3.462050599201065
2021,MIDTOWN,116,46,1775,6.535211267605634,2.591549295774648
2021,MILLER VALLEY,18,6,382,4.712041884816754,1.5706806282722512
2021,MITCHELL FIELD,5,2,588,0.8503401360544218,0.3401360544217687
2021,MITCHELL PARK,18,3,177,10.16949152542373,1.694915254237288
2021,MITCHELL WEST,13,5,847,1.5348288075560803,0.5903187721369539
2021,MORGAN HEIGHTS,2,0,305,0.6557377049180327,0
2021,MORGANDALE,13,6,958,1.3569937369519833,0.6263048016701461
2021,MOUNT MARY,3,1,156,1.9230769230769231,0.641025641025641
2021,MURRAY HILL,23,10,3277,0.7018614586512053,0.3051571559353067
2021,MUSKEGO WAY,103,49,2740,3.759124087591241,1.7883211678832116
2021,NASH PARK,16,2,420,3.8095238095238098,0.4761904761904762
2021,NATIONAL PARK,17,10,572,2.972027972027972,1.7482517482517483
2021,NEW COELN,12,4,24,50,16.666666666666664
2021,NORTH DIVISION,174,65,2074,8.389585342333655,3.13404050144648
2021,NORTH MEADOWS,16,6,1289,1.2412723041117144,0.46547711404189296
2021,NORTHPOINT,6,0,1430,0.4195804195804196,0
2021,NORTHRIDGE LAKES,2,2,1098,0.18214936247723132,0.18214936247723132
2021,OLD NORTH MILWAUKEE,376,155,3896,9.650924024640657,3.978439425051335
2021,PARK VIEW,2,0,41,4.878048780487805,0
2021,PARK WEST,182,74,1648,11.04368932038835,4.490291262135923
2021,PARKWAY HILLS,9,5,196,4.591836734693878,2.5510204081632653
2021,POLONIA,33,19,958,3.4446764091858038,1.9832985386221296
2021,RIVER BEND,3,2,228,1.3157894736842104,0.8771929824561403
2021,RIVERSIDE PARK,6,2,585,1.0256410256410255,0.3418803418803419
2021,RIVERWEST,55,23,3973,1.384344324188271,0.5789076264787314
2021,ROLLING GREEN,6,1,429,1.3986013986013985,0.2331002331002331
2021,ROOSEVELT GROVE,106,37,1296,8.179012345679013,2.8549382716049383
2021,ROOT CREEK,7,1,431,1.6241299303944314,0.23201856148491878
2021,RUFUS KING,87,36,1151,7.558644656820157,3.127715030408341
2021,SAINT JOSEPH,129,43,1530,8.431372549019608,2.8104575163398695
2021,SAVELAND PARK,3,1,147,2.0408163265306123,0.6802721088435374
2021,SHERMAN PARK,205,79,1745,11.74785100286533,4.527220630372493
2021,SILVER CITY,25,16,910,2.7472527472527473,1.7582417582417582
2021,SILVER SPRING,252,91,2722,9.257898603967671,3.3431300514327704
2021,SILVER SWAN,81,32,876,9.246575342465754,3.65296803652968
2021,SOUTHGATE,2,0,203,0.9852216748768473,0
2021,SOUTHPOINT,39,9,945,4.1269841269841265,0.9523809523809524
2021,ST. AMELIAN'S,22,3,356,6.179775280898876,0.8426966292134831
2021,STORY HILL,4,1,398,1.0050251256281406,0.25125628140703515
2021,SUNSET HEIGHTS,49,16,696,7.040229885057471,2.2988505747126435
2021,THE VALLEY / PIGSVILLE,4,3,139,2.877697841726619,2.158273381294964
2021,THURSTON WOODS,84,29,972,8.641975308641975,2.983539094650206
2021,TIMMERMAN AIRPORT,5,1,161,3.1055900621118013,0.6211180124223602
2021,TIMMERMAN WEST,65,25,1357,4.789977892409728,1.8422991893883567
2021,TIPPECANOE,7,2,730,0.9589041095890412,0.273972602739726
2021,TOWN & COUNTRY MANOR,21,6,624,3.3653846153846154,0.9615384615384616
2021,TOWN OF LAKE,11,5,601,1.8302828618968388,0.8319467554076538
2021,TRIANGLE,6,2,99,6.0606060606060606,2.0202020202020203
2021,TRIANGLE NORTH,21,6,498,4.216867469879518,1.2048192771084338
2021,TRIPOLI PARK,23,9,295,7.796610169491526,3.050847457627119
2021,UPPER EAST SIDE,2,1,923,0.21668472372697722,0.10834236186348861
2021,UPTOWN,132,48,1594,8.281053952321205,3.0112923462986196
2021,VALHALLA,81,28,1114,7.271095152603231,2.5134649910233393
2021,VALLEY FORGE,3,1,54,5.555555555555555,1.8518518518518516
2021,VOGEL PARK,33,11,736,4.483695652173913,1.4945652173913044
2021,WAHL PARK,58,20,621,9.339774557165862,3.22061191626409
2021,WALKER'S POINT,100,40,3787,2.6406126221283337,1.0562450488513335
2021,WALNUT HILL,70,20,630,11.11111111111111,3.1746031746031744
2021,WASHINGTON HEIGHTS,43,17,1174,3.6626916524701874,1.4480408858603067
2021,WASHINGTON PARK,147,60,1375,10.690909090909091,4.363636363636364
2021,WEST VIEW,7,3,523,1.338432122370937,0.5736137667304015
2021,WHITE MANOR,13,2,269,4.83271375464684,0.7434944237918215
2021,WICK FIELD,1,0,212,0.4716981132075472,0
2021,WILLIAMSBURG,55,21,626,8.78594249201278,3.3546325878594248
2021,WILSON PARK,10,3,572,1.7482517482517483,0.5244755244755245
2021,WOODLAND COURT,26,7,346,7.514450867052023,2.023121387283237
2021,WYRICK PARK,17,11,580,2.9310344827586206,1.896551724137931
2021,YANKEE HILL,54,26,2801,1.9278828989646553,0.9282399143163157
2022,ALCOTT PARK,2,1,57,3.508771929824561,1.7543859649122806
2022,ALVERNO,17,2,287,5.923344947735192,0.6968641114982579
2022,ARLINGTON GARDENS,42,15,370,11.351351351351353,4.054054054054054
2022,ARLINGTON HEIGHTS,115,52,1259,9.134233518665608,4.130262112787927
2022,AVENUES WEST,326,146,5893,5.531987103342949,2.477515696589174
2022,BAY VIEW,56,22,4519,1.2392122150918343,0.4868333702146493
2022,BLUEMOUND HEIGHTS,26,9,746,3.485254691689008,1.2064343163538873
2022,BORCHERT FIELD,141,54,1006,14.015904572564613,5.36779324055666
2022,BRADLEY ESTATES,35,10,758,4.617414248021108,1.3192612137203166
2022,BREWER'S HILL,28,10,1158,2.4179620034542317,0.8635578583765112
2022,BRYNWOOD,1,1,14,7.142857142857142,7.142857142857142
2022,BURNHAM PARK,33,14,1136,2.9049295774647885,1.232394366197183
2022,CALUMET FARMS,59,22,711,8.29817158931083,3.0942334739803097
2022,CAMBRIDGE HEIGHTS,27,10,927,2.912621359223301,1.0787486515641855
2022,CANNON PARK,6,3,648,0.9259259259259258,0.4629629629629629
2022,CAPITOL HEIGHTS,102,29,916,11.135371179039302,3.1659388646288207
2022,CASTLE MANOR,70,26,975,7.179487179487179,2.666666666666667
2022,CLARKE SQUARE,153,76,1802,8.49056603773585,4.217536071032186
2022,CLAYTON CREST,4,4,48,8.333333333333332,8.333333333333332
2022,CLOCK TOWER ACRES,27,11,454,5.947136563876652,2.4229074889867843
2022,COLD SPRING PARK,105,49,831,12.63537906137184,5.896510228640193
2022,COLUMBUS PARK,70,21,755,9.271523178807946,2.781456953642384
2022,CONCORDIA,304,163,1860,16.344086021505376,8.763440860215054
2022,COOPER PARK,22,7,470,4.680851063829787,1.4893617021276597
2022,DINEEN PARK,195,69,1184,16.469594594594593,5.827702702702703
2022,DOWNER WOODS,8,2,418,1.9138755980861244,0.4784688995215311
2022,DRETZKA PARK,1,0,99,1.0101010101010102,0
2022,ENDERIS PARK,61,20,746,8.176943699731904,2.680965147453083
2022,ESTABROOK PARK,1,0,379,0.2638522427440633,0
2022,EUCLID PARK,4,3,605,0.6611570247933884,0.49586776859504134
2022,FAIR PARK,3,1,224,1.3392857142857142,0.4464285714285714
2022,FAIRFIELD,39,21,301,12.956810631229235,6.976744186046512
2022,FAIRVIEW,6,4,332,1.8072289156626504,1.2048192771084338
2022,FERNWOOD,5,1,486,1.02880658436214,0.205761316872428
2022,FLORIST HIGHLANDS,6,1,204,2.941176470588235,0.49019607843137253
2022,FOREST HOME HILLS,70,29,988,7.08502024291498,2.935222672064777
2022,FRANKLIN HEIGHTS,271,110,2234,12.130707251566697,4.923903312444047
2022,FREEDOM VILLAGE,2,2,223,0.8968609865470852,0.8968609865470852
2022,GARDEN HOMES,102,36,719,14.186369958275383,5.006954102920723
2022,GOLDEN VALLEY,11,4,320,3.4375000000000004,1.25
2022,GOLDMAN PARK,2,1,231,0.8658008658008658,0.4329004329004329
2022,GRA-RAM,8,3,402,1.9900497512437811,0.7462686567164178
2022,GRACELAND,51,16,392,13.010204081632654,4.081632653061225
2022,GRANTOSA,103,39,604,17.052980132450333,6.456953642384105
2022,GRANVILLE STATION,35,12,701,4.9928673323823105,1.7118402282453637
2022,GRASSLYN MANOR,64,18,833,7.6830732292917165,2.1608643457382954
2022,GROVER HEIGHTS,12,3,94,12.76595744680851,3.1914893617021276
2022,HALYARD PARK,7,2,308,2.272727272727273,0.6493506493506493
2022,HAMPTON HEIGHTS,213,75,1426,14.936886395511923,5.259467040673211
2022,HARAMBEE,368,140,3427,10.738255033557047,4.085205719288007
2022,HARBOR VIEW,11,4,631,1.7432646592709984,0.6339144215530903
2022,HAVENWOODS,19,10,88,21.59090909090909,11.363636363636363
2022,HAWLEY FARMS,9,2,242,3.71900826446281,0.8264462809917356
2022,HAWTHORNE GLEN,1,1,78,1.282051282051282,1.282051282051282
2022,HAYMARKET,60,8,166,36.144578313253014,4.819277108433735
2022,HIGHWOOD ESTATES,10,6,630,1.5873015873015872,0.9523809523809524
2022,HILLSIDE,37,17,499,7.414829659318638,3.406813627254509
2022,HISTORIC MITCHELL STREET,226,108,3058,7.390451275343361,3.5317200784826683
2022,HISTORIC THIRD WARD,5,1,1542,0.324254215304799,0.06485084306095978
2022,HONEY CREEK MANOR,9,3,405,2.2222222222222223,0.7407407407407408
2022,HONEY CREEK PARKWAY,5,2,235,2.127659574468085,0.851063829787234
2022,JACKSON PARK,52,21,1379,3.770848440899202,1.5228426395939088
2022,JOHNSON'S WOODS,14,6,595,2.3529411764705883,1.0084033613445378
2022,JUNEAU TOWN,17,4,3575,0.4755244755244755,0.11188811188811189
2022,KILBOURN TOWN,66,30,2867,2.302057900244158,1.0463899546564353
2022,KING PARK,40,20,824,4.854368932038835,2.4271844660194173
2022,KOPS PARK,17,4,311,5.466237942122187,1.2861736334405145
2022,LAYTON PARK,53,31,1121,4.727921498661909,2.7653880463871543
2022,LENOX HEIGHTS,36,12,410,8.780487804878048,2.9268292682926833
2022,LINCOLN CREEK,131,56,1544,8.484455958549223,3.6269430051813467
2022,LINCOLN PARK,139,56,1054,13.18785578747628,5.313092979127135
2022,LINCOLN VILLAGE,206,96,2694,7.646622123236822,3.5634743875278394
2022,LINDSAY PARK,92,28,972,9.465020576131687,2.880658436213992
2022,LITTLE MENOMONEE PARKWAY,24,11,179,13.40782122905028,6.145251396648044
2022,LONG VIEW,77,26,539,14.285714285714285,4.823747680890538
2022,LOWER EAST SIDE,119,56,8459,1.4067856720652558,0.6620167868542381
2022,LYONS PARK,7,3,148,4.72972972972973,2.027027027027027
2022,MAITLAND PARK,3,1,204,1.4705882352941175,0.49019607843137253
2022,MAPLE TREE,131,56,669,19.581464872944693,8.370702541106128
2022,MARTIN DRIVE,28,10,471,5.9447983014862,2.1231422505307855
2022,MC GOVERN PARK,84,24,573,14.659685863874344,4.18848167539267
2022,MELODY VIEW,33,7,168,19.642857142857142,4.166666666666666
2022,MENOMONEE RIVER HILLS,282,94,1416,19.915254237288135,6.638418079096045
2022,MENOMONEE RIVER HILLS EAST,102,32,474,21.518987341772153,6.751054852320674
2022,MENOMONEE RIVER PARKWAY,2,1,86,2.3255813953488373,1.1627906976744187
2022,MENOMONEE RIVER VALLEY,1,0,133,0.7518796992481203,0
2022,MERRILL PARK,135,76,1203,11.221945137157107,6.317539484621778
2022,METCALFE PARK,97,35,751,12.916111850865514,4.660452729693742
2022,MIDTOWN,149,62,1734,8.592848904267589,3.575547866205306
2022,MILLER VALLEY,22,12,372,5.913978494623656,3.225806451612903
2022,MITCHELL FIELD,4,2,587,0.6814310051107325,0.34071550255536626
2022,MITCHELL PARK,55,15,177,31.07344632768362,8.47457627118644
2022,MITCHELL WEST,16,8,847,1.8890200708382525,0.9445100354191263
2022,MORGAN HEIGHTS,9,4,310,2.903225806451613,1.2903225806451613
2022,MORGANDALE,31,14,936,3.311965811965812,1.4957264957264957
2022,MOUNT MARY,1,1,152,0.6578947368421052,0.6578947368421052
2022,MURRAY HILL,47,14,3251,1.4457090126115042,0.4306367271608736
2022,MUSKEGO WAY,152,74,2717,5.594405594405594,2.7235921972764077
2022,NASH PARK,17,7,411,4.13625304136253,1.70316301703163
2022,NATIONAL PARK,35,16,575,6.086956521739131,2.782608695652174
2022,NEW COELN,5,1,21,23.809523809523807,4.761904761904762
2022,NORTH DIVISION,228,94,2056,11.089494163424124,4.571984435797665
2022,NORTH GRANVILLE,1,1,11,9.090909090909092,9.090909090909092
2022,NORTH MEADOWS,152,66,1282,11.856474258970358,5.14820592823713
2022,NORTHPOINT,11,2,1421,0.7741027445460943,0.14074595355383532
2022,NORTHRIDGE,51,16,548,9.306569343065693,2.9197080291970803
2022,NORTHRIDGE LAKES,88,44,1096,8.02919708029197,4.014598540145985
2022,OLD NORTH MILWAUKEE,632,266,3859,16.377299818605856,6.8929774552993
2022,PARK VIEW,6,4,42,14.285714285714285,9.523809523809524
2022,PARK WEST,194,76,1667,11.637672465506899,4.559088182363527
2022,PARKWAY HILLS,27,8,195,13.846153846153847,4.102564102564102
2022,PHEASANT RUN,11,5,168,6.547619047619048,2.976190476190476
2022,POLLBER HEIGHTS,45,16,138,32.608695652173914,11.594202898550725
2022,POLONIA,53,30,941,5.63230605738576,3.1880977683315623
2022,RIDGEVIEW,2,1,19,10.526315789473683,5.263157894736842
2022,RIVER BEND,1,0,224,0.4464285714285714,0
2022,RIVERSIDE PARK,5,2,577,0.8665511265164645,0.34662045060658575
2022,RIVERTON HEIGHTS,11,3,146,7.534246575342466,2.054794520547945
2022,RIVERWEST,106,44,3916,2.706843718079673,1.1235955056179776
2022,ROLLING GREEN,8,5,431,1.8561484918793503,1.160092807424594
2022,ROOSEVELT GROVE,156,52,1270,12.283464566929133,4.094488188976378
2022,ROOT CREEK,7,3,429,1.6317016317016315,0.6993006993006993
2022,RUFUS KING,191,83,1135,16.82819383259912,7.312775330396476
2022,SAINT JOSEPH,198,75,1494,13.253012048192772,5.020080321285141
2022,SAVELAND PARK,10,3,137,7.2992700729927,2.18978102189781
2022,SERVITE WOODS,45,17,339,13.274336283185843,5.014749262536873
2022,SHERMAN PARK,261,99,1794,14.54849498327759,5.518394648829431
2022,SILVER CITY,55,25,920,5.978260869565218,2.717391304347826
2022,SILVER SPRING,493,203,2679,18.402388951101155,7.57745427398283
2022,SILVER SWAN,205,76,867,23.64475201845444,8.765859284890427
2022,SOUTHGATE,8,3,199,4.0201005025125625,1.507537688442211
2022,SOUTHPOINT,67,23,951,7.045215562565721,2.4185068349106205
2022,ST. AMELIAN'S,17,4,362,4.696132596685083,1.1049723756906076
2022,STORY HILL,6,3,393,1.5267175572519083,0.7633587786259541
2022,SUNSET HEIGHTS,57,19,669,8.520179372197308,2.8400597907324365
2022,THE VALLEY / PIGSVILLE,9,2,143,6.293706293706294,1.3986013986013985
2022,THURSTON WOODS,169,57,968,17.458677685950413,5.8884297520661155
2022,TIMMERMAN AIRPORT,41,15,160,25.624999999999996,9.375
2022,TIMMERMAN WEST,129,50,1323,9.750566893424036,3.779289493575208
2022,TIPPECANOE,9,3,726,1.2396694214876034,0.4132231404958678
2022,TOWN & COUNTRY MANOR,62,26,617,10.048622366288493,4.213938411669368
2022,TOWN OF LAKE,16,8,582,2.7491408934707904,1.3745704467353952
2022,TRIANGLE,12,7,98,12.244897959183673,7.142857142857142
2022,TRIANGLE NORTH,39,12,498,7.83132530120482,2.4096385542168677
2022,TRIPOLI PARK,73,19,294,24.829931972789115,6.462585034013606
2022,UPPER EAST SIDE,6,2,924,0.6493506493506493,0.21645021645021645
2022,UPTOWN,236,88,1564,15.089514066496163,5.626598465473146
2022,VALHALLA,367,138,1270,28.89763779527559,10.866141732283465
2022,VALLEY FORGE,4,3,52,7.6923076923076925,5.769230769230769
2022,VOGEL PARK,110,43,733,15.006821282401091,5.866302864938609
2022,WAHL PARK,97,39,617,15.721231766612643,6.3209076175040515
2022,WALKER'S POINT,138,66,4130,3.3414043583535107,1.5980629539951572
2022,WALNUT HILL,65,26,634,10.25236593059937,4.100946372239748
2022,WASHINGTON HEIGHTS,41,14,1161,3.5314384151593456,1.2058570198105083
2022,WASHINGTON PARK,184,89,1429,12.876137158852345,6.22813156053184
2022,WEST VIEW,11,3,521,2.111324376199616,0.5758157389635317
2022,WHISPERING HILLS,5,5,406,1.2315270935960592,1.2315270935960592
2022,WHITE MANOR,17,7,276,6.159420289855073,2.536231884057971
2022,WICK FIELD,11,5,211,5.213270142180095,2.3696682464454977
2022,WILLIAMSBURG,73,22,619,11.793214862681744,3.5541195476575123
2022,WILSON PARK,15,4,576,2.604166666666667,0.6944444444444444
2022,WOODLAND COURT,49,18,347,14.121037463976945,5.187319884726225
2022,WYRICK PARK,48,21,578,8.304498269896193,3.633217993079585
2022,YANKEE HILL,49,19,2797,1.7518770110833037,0.6792992491955666
2023,ALVERNO,7,4,286,2.4475524475524475,1.3986013986013985
2023,ARLINGTON GARDENS,34,9,368,9.239130434782608,2.4456521739130435
2023,ARLINGTON HEIGHTS,115,34,1249,9.207365892714172,2.722177742193755
2023,AVENUES WEST,268,121,5890,4.550084889643464,2.0543293718166384
2023,BARAN PARK,3,1,55,5.454545454545454,1.8181818181818181
2023,BAY VIEW,46,12,4537,1.0138858276394092,0.26449195503636763
2023,BLUEMOUND HEIGHTS,26,9,789,3.2953105196451205,1.1406844106463878
2023,BORCHERT FIELD,108,42,991,10.898082744702322,4.238143289606458
2023,BRADLEY ESTATES,29,9,738,3.9295392953929538,1.2195121951219512
2023,BREWER'S HILL,54,13,1153,4.683434518647007,1.1274934952298352
2023,BURNHAM PARK,24,8,1132,2.1201413427561837,0.7067137809187279
2023,CALUMET FARMS,99,26,710,13.943661971830986,3.6619718309859155
2023,CAMBRIDGE HEIGHTS,27,7,921,2.9315960912052117,0.760043431053203
2023,CANNON PARK,6,1,649,0.9244992295839755,0.15408320493066258
2023,CAPITOL HEIGHTS,114,27,909,12.541254125412541,2.9702970297029703
2023,CASTLE MANOR,51,10,972,5.246913580246913,1.02880658436214
2023,CLARKE SQUARE,125,42,1812,6.898454746136866,2.3178807947019866
2023,CLAYTON CREST,1,1,47,2.127659574468085,2.127659574468085
2023,CLOCK TOWER ACRES,15,7,453,3.3112582781456954,1.545253863134658
2023,COLD SPRING PARK,109,29,831,13.116726835138387,3.489771359807461
2023,COLUMBUS PARK,68,26,757,8.982826948480845,3.4346103038309117
2023,CONCORDIA,291,125,1862,15.628356605800214,6.713211600429646
2023,COOPER PARK,27,7,474,5.69620253164557,1.4767932489451476
2023,DINEEN PARK,212,77,1179,17.981340118744697,6.530958439355386
2023,DOWNER WOODS,2,1,411,0.48661800486618007,0.24330900243309003
2023,DRETZKA PARK,4,2,97,4.123711340206185,2.0618556701030926
2023,ENDERIS PARK,49,19,748,6.550802139037433,2.5401069518716577
2023,ESTABROOK PARK,2,1,379,0.5277044854881267,0.2638522427440633
2023,EUCLID PARK,4,1,602,0.6644518272425249,0.16611295681063123
2023,FAIR PARK,7,1,218,3.211009174311927,0.45871559633027525
2023,FAIRFIELD,61,18,299,20.401337792642142,6.0200668896321075
2023,FAIRVIEW,11,2,331,3.3232628398791544,0.6042296072507553
2023,FERNWOOD,3,0,491,0.6109979633401221,0
2023,FLORIST HIGHLANDS,17,2,201,8.45771144278607,0.9950248756218906
2023,FOREST HOME HILLS,44,18,987,4.4579533941236065,1.82370820668693
2023,FRANKLIN HEIGHTS,224,87,2218,10.099188458070333,3.9224526600541028
2023,GARDEN HOMES,109,44,712,15.308988764044946,6.179775280898876
2023,GOLDEN VALLEY,15,5,310,4.838709677419355,1.6129032258064515
2023,GOLDMAN PARK,3,2,232,1.293103448275862,0.8620689655172413
2023,GRA-RAM,5,1,404,1.2376237623762376,0.24752475247524752
2023,GRACELAND,38,7,383,9.921671018276761,1.8276762402088773
2023,GRANTOSA,86,24,606,14.19141914191419,3.9603960396039604
2023,GRANVILLE STATION,59,16,700,8.428571428571429,2.2857142857142856
2023,GRASSLYN MANOR,67,15,813,8.241082410824108,1.8450184501845017
2023,GROVER HEIGHTS,16,3,95,16.842105263157894,3.1578947368421053
2023,HALYARD PARK,19,1,309,6.148867313915858,0.3236245954692557
2023,HAMPTON HEIGHTS,237,71,1401,16.916488222698074,5.067808708065667
2023,HARAMBEE,327,110,3458,9.456333140543666,3.1810294968189705
2023,HARBOR VIEW,10,4,637,1.5698587127158554,0.6279434850863422
2023,HAVENWOODS,11,5,85,12.941176470588237,5.88235294117647
2023,HAWLEY FARMS,11,3,241,4.564315352697095,1.2448132780082988
2023,HAWTHORNE GLEN,1,0,78,1.282051282051282,0
2023,HAYMARKET,54,14,166,32.53012048192771,8.433734939759036
2023,HIGHWOOD ESTATES,4,2,628,0.6369426751592357,0.3184713375796179
2023,HILLSIDE,38,14,500,7.6,2.8000000000000003
2023,HISTORIC MITCHELL STREET,211,76,3068,6.877444589308997,2.4771838331160363
2023,HISTORIC THIRD WARD,3,1,1550,0.1935483870967742,0.06451612903225806
2023,HONEY CREEK MANOR,9,2,402,2.2388059701492535,0.4975124378109453
2023,HONEY CREEK PARKWAY,2,0,236,0.847457627118644,0
2023,JACKSON PARK,51,19,1387,3.6770007209805335,1.36986301369863
2023,JOHNSON'S WOODS,23,7,605,3.8016528925619832,1.1570247933884297
2023,JUNEAU TOWN,14,8,3629,0.3857812069440617,0.2204464039680353
2023,KILBOURN TOWN,113,29,3059,3.6940176528277213,0.9480222294867604
2023,KING PARK,32,10,815,3.92638036809816,1.2269938650306749
2023,KOPS PARK,12,3,317,3.7854889589905363,0.9463722397476341
2023,LAND BANK,1,0,447,0.22371364653243847,0
2023,LAYTON PARK,31,8,1147,2.7027027027027026,0.6974716652136007
2023,LENOX HEIGHTS,40,15,405,9.876543209876543,3.7037037037037033
2023,LINCOLN CREEK,130,32,1533,8.48010437051533,2.0874103065883887
2023,LINCOLN PARK,143,41,1057,13.528855250709556,3.878902554399243
2023,LINCOLN VILLAGE,165,56,2681,6.154419992540097,2.088772845953003
2023,LINDSAY PARK,108,23,962,11.226611226611228,2.390852390852391
2023,LITTLE MENOMONEE PARKWAY,14,4,168,8.333333333333332,2.380952380952381
2023,LONG VIEW,81,22,527,15.370018975332068,4.174573055028463
2023,LOWER EAST SIDE,132,51,8536,1.5463917525773196,0.5974695407685099
2023,LYONS PARK,1,0,148,0.6756756756756757,0
2023,MAPLE TREE,148,47,656,22.5609756097561,7.164634146341463
2023,MARQUETTE,1,1,298,0.33557046979865773,0.33557046979865773
2023,MARTIN DRIVE,17,1,476,3.571428571428571,0.21008403361344538
2023,MC GOVERN PARK,78,25,565,13.805309734513274,4.424778761061947
2023,MELODY VIEW,26,8,168,15.476190476190476,4.761904761904762
2023,MENOMONEE RIVER HILLS,341,103,1431,23.829489867225718,7.197763801537387
2023,MENOMONEE RIVER HILLS EAST,112,32,479,23.382045929018787,6.6805845511482245
2023,MENOMONEE RIVER VALLEY,1,1,132,0.7575757575757576,0.7575757575757576
2023,MERRILL PARK,163,60,1203,13.549459684123025,4.987531172069826
2023,METCALFE PARK,97,32,749,12.950600801068092,4.2723631508678235
2023,MIDTOWN,141,56,1719,8.202443280977311,3.2577079697498545
2023,MILL VALLEY,1,0,57,1.7543859649122806,0
2023,MILLER VALLEY,32,13,369,8.672086720867208,3.523035230352303
2023,MITCHELL FIELD,1,0,585,0.17094017094017094,0
2023,MITCHELL PARK,37,12,179,20.670391061452513,6.70391061452514
2023,MITCHELL WEST,9,4,858,1.048951048951049,0.4662004662004662
2023,MORGAN HEIGHTS,4,0,305,1.3114754098360655,0
2023,MORGANDALE,12,5,945,1.2698412698412698,0.5291005291005291
2023,MOUNT MARY,4,2,151,2.6490066225165565,1.3245033112582782
2023,MURRAY HILL,34,10,3245,1.0477657935285054,0.30816640986132515
2023,MUSKEGO WAY,139,56,2709,5.131044665928386,2.0671834625323
2023,NASH PARK,16,3,405,3.950617283950617,0.7407407407407408
2023,NATIONAL PARK,43,22,586,7.337883959044368,3.754266211604096
2023,NEW COELN,9,5,22,40.909090909090914,22.727272727272727
2023,NORTH DIVISION,170,62,2113,8.045433033601515,2.9342167534311407
2023,NORTH MEADOWS,307,100,1271,24.154209284028326,7.867820613690007
2023,NORTHPOINT,11,2,1414,0.7779349363507779,0.14144271570014144
2023,NORTHRIDGE,83,19,551,15.063520871143377,3.4482758620689653
2023,NORTHRIDGE LAKES,65,14,1093,5.946935041171089,1.2808783165599267
2023,OLD NORTH MILWAUKEE,580,201,3824,15.167364016736402,5.256276150627615
2023,PARK KNOLL,1,0,46,2.1739130434782608,0
2023,PARK VIEW,2,1,37,5.405405405405405,2.7027027027027026
2023,PARK WEST,163,50,1652,9.86682808716707,3.026634382566586
2023,PARKWAY HILLS,22,5,197,11.16751269035533,2.5380710659898478
2023,PHEASANT RUN,11,6,170,6.470588235294119,3.5294117647058822
2023,POLLBER HEIGHTS,70,23,137,51.09489051094891,16.78832116788321
2023,POLONIA,45,22,943,4.7720042417815485,2.332979851537646
2023,RED OAK HEIGHTS,2,0,18,11.11111111111111,0
2023,RIDGEVIEW,1,1,18,5.555555555555555,5.555555555555555
2023,RIVER BEND,4,2,218,1.834862385321101,0.9174311926605505
2023,RIVERSIDE PARK,9,3,587,1.5332197614991483,0.5110732538330494
2023,RIVERTON HEIGHTS,4,1,148,2.7027027027027026,0.6756756756756757
2023,RIVERWEST,92,36,3887,2.366863905325444,0.926164136866478
2023,ROLLING GREEN,3,2,428,0.7009345794392523,0.46728971962616817
2023,ROOSEVELT GROVE,160,51,1259,12.708498808578236,4.0508339952343135
2023,ROOT CREEK,11,2,433,2.5404157043879905,0.4618937644341801
2023,RUFUS KING,150,58,1136,13.204225352112676,5.105633802816902
2023,SAINT JOSEPH,171,60,1484,11.522911051212938,4.0431266846361185
2023,SAVELAND PARK,4,2,134,2.9850746268656714,1.4925373134328357
2023,SERVITE WOODS,87,20,343,25.364431486880466,5.830903790087463
2023,SHERMAN PARK,205,85,1899,10.795155344918378,4.476040021063718
2023,SILVER CITY,52,19,916,5.676855895196507,2.074235807860262
2023,SILVER SPRING,515,177,2663,19.339091250469394,6.646639128802103
2023,SILVER SWAN,255,77,869,29.344073647871117,8.860759493670885
2023,SOUTHGATE,7,2,190,3.684210526315789,1.0526315789473684
2023,SOUTHPOINT,61,18,945,6.455026455026455,1.9047619047619049
2023,ST. AMELIAN'S,27,4,355,7.605633802816901,1.1267605633802817
2023,STORY HILL,4,0,391,1.0230179028132993,0
2023,SUNSET HEIGHTS,59,13,654,9.021406727828746,1.9877675840978593
2023,THE VALLEY / PIGSVILLE,3,1,144,2.083333333333333,0.6944444444444444
2023,THURSTON WOODS,171,45,955,17.905759162303664,4.712041884816754
2023,TIMMERMAN AIRPORT,35,6,161,21.73913043478261,3.7267080745341614
2023,TIMMERMAN WEST,143,36,1318,10.849772382397573,2.731411229135053
2023,TIPPECANOE,8,4,728,1.098901098901099,0.5494505494505495
2023,TOWN & COUNTRY MANOR,59,19,616,9.577922077922079,3.0844155844155843
2023,TOWN OF LAKE,8,2,585,1.3675213675213675,0.3418803418803419
2023,TRIANGLE,8,2,99,8.080808080808081,2.0202020202020203
2023,TRIANGLE NORTH,35,6,505,6.9306930693069315,1.188118811881188
2023,TRIPOLI PARK,73,27,292,25,9.246575342465754
2023,UPPER EAST SIDE,5,1,929,0.5382131324004306,0.1076426264800861
2023,UPTOWN,245,69,1557,15.735388567758509,4.431599229287091
2023,VALHALLA,398,126,1210,32.892561983471076,10.413223140495868
2023,VALLEY FORGE,2,1,55,3.6363636363636362,1.8181818181818181
2023,VOGEL PARK,119,30,728,16.346153846153847,4.1208791208791204
2023,WAHL PARK,96,28,603,15.92039800995025,4.643449419568822
2023,WALKER'S POINT,140,44,4286,3.2664489034064395,1.026598226784881
2023,WALNUT HILL,56,18,643,8.709175738724728,2.7993779160186625
2023,WASHINGTON HEIGHTS,66,18,1156,5.709342560553633,1.5570934256055362
2023,WASHINGTON PARK,130,43,1402,9.272467902995722,3.0670470756062764
2023,WEDGEWOOD,1,0,237,0.42194092827004215,0
2023,WEST VIEW,8,3,522,1.532567049808429,0.5747126436781609
2023,WHISPERING HILLS,6,0,407,1.4742014742014742,0
2023,WHITE MANOR,26,11,284,9.15492957746479,3.873239436619718
2023,WICK FIELD,5,0,206,2.4271844660194173,0
2023,WILLIAMSBURG,75,21,612,12.254901960784313,3.431372549019608
2023,WILSON PARK,10,2,577,1.733102253032929,0.34662045060658575
2023,WOODLAND COURT,43,7,345,12.46376811594203,2.0289855072463765
2023,WYRICK PARK,48,12,576,8.333333333333332,2.083333333333333
2023,YANKEE HILL,55,19,2809,1.957992168031328,0.6763972944108224
