year,city_nhood,violations,orders,rental_units,violation_rate,order_rate
2017,ALCOTT PARK,20,6,63,31.746031746031743,9.523809523809524
2017,ALVERNO,26,5,283,9.187279151943462,1.76678445229682
2017,ARLINGTON GARDENS,36,19,384,9.375,4.947916666666666
2017,ARLINGTON HEIGHTS,1337,154,1197,111.69590643274854,12.865497076023392
2017,AVENUES WEST,603,176,4904,12.296084828711257,3.588907014681892
2017,BARAN PARK,88,12,44,200,27.27272727272727
2017,BAY VIEW,676,368,3786,17.855256207078714,9.720021130480719
2017,BLUEMOUND HEIGHTS,321,76,718,44.70752089136491,10.584958217270195
2017,BORCHERT FIELD,2105,208,964,218.36099585062237,21.57676348547718
2017,BRADLEY ESTATES,59,23,746,7.908847184986595,3.0831099195710454
2017,BREWER'S HILL,339,65,978,34.66257668711656,6.646216768916155
2017,BRYNWOOD,4,3,5,80,60
2017,BURNHAM PARK,289,92,1071,26.984126984126984,8.590102707749766
2017,CALUMET FARMS,32,12,726,4.40771349862259,1.6528925619834711
2017,CAMBRIDGE HEIGHTS,111,33,900,12.333333333333334,3.6666666666666665
2017,CANNON PARK,99,25,626,15.814696485623003,3.993610223642172
2017,CAPITOL HEIGHTS,144,52,910,15.824175824175823,5.714285714285714
2017,CASTLE MANOR,83,29,983,8.44354018311292,2.950152594099695
2017,CLARKE SQUARE,531,147,1786,29.73124300111982,8.230683090705487
2017,CLAYTON CREST,17,8,54,31.48148148148148,14.814814814814813
2017,CLOCK TOWER ACRES,260,35,429,60.60606060606061,8.158508158508159
2017,COLD SPRING PARK,416,104,1059,39.2823418319169,9.820585457979226
2017,COLLEGE HEIGHTS,3,2,23,13.043478260869565,8.695652173913043
2017,COLUMBUS PARK,96,35,732,13.114754098360656,4.781420765027322
2017,CONCORDIA,744,173,1851,40.19448946515397,9.346299297676932
2017,COOPER PARK,108,42,507,21.301775147928996,8.284023668639055
2017,COPERNICUS PARK,25,3,37,67.56756756756756,8.108108108108109
2017,DINEEN PARK,151,55,1165,12.96137339055794,4.721030042918455
2017,DOWNER WOODS,47,12,414,11.352657004830919,2.898550724637681
2017,DRETZKA PARK,9,3,112,8.035714285714286,2.6785714285714284
2017,ENDERIS PARK,95,38,746,12.734584450402146,5.093833780160858
2017,EUCLID PARK,51,15,609,8.374384236453201,2.4630541871921183
2017,FAIR PARK,50,13,237,21.09704641350211,5.485232067510549
2017,FAIRFIELD,122,39,680,17.941176470588236,5.735294117647059
2017,FAIRVIEW,107,43,377,28.381962864721483,11.405835543766578
2017,FERNWOOD,150,102,475,31.57894736842105,21.47368421052632
2017,FLORIST HIGHLANDS,63,14,243,25.925925925925924,5.761316872427984
2017,FOREST HOME HILLS,560,208,850,65.88235294117646,24.47058823529412
2017,FRANKLIN HEIGHTS,2464,369,2072,118.91891891891892,17.80888030888031
2017,GARDEN HOMES,768,118,706,108.78186968838529,16.71388101983003
2017,GOLDEN GATE,8,6,21,38.095238095238095,28.57142857142857
2017,GOLDEN VALLEY,51,26,339,15.04424778761062,7.669616519174041
2017,GOLDMAN PARK,27,11,231,11.688311688311687,4.761904761904762
2017,GRA-RAM,78,23,406,19.21182266009852,5.665024630541872
2017,GRACELAND,208,65,419,49.64200477326969,15.513126491646778
2017,GRANTOSA,23,9,623,3.6918138041733553,1.4446227929373996
2017,GRANVILLE STATION,32,18,689,4.644412191582003,2.6124818577648767
2017,GRANVILLE WOODS,6,2,2,300,100
2017,GRASSLYN MANOR,175,38,922,18.980477223427332,4.121475054229935
2017,GREEN MOOR,8,2,30,26.666666666666668,6.666666666666667
2017,GROVER HEIGHTS,98,12,94,104.25531914893618,12.76595744680851
2017,HALYARD PARK,110,27,159,69.18238993710692,16.9811320754717
2017,HAMPTON HEIGHTS,641,150,1446,44.32918395573997,10.37344398340249
2017,HARAMBEE,3417,508,3460,98.757225433526,14.682080924855493
2017,HARBOR VIEW,16,5,447,3.5794183445190155,1.1185682326621924
2017,HARDER'S OAKS,13,3,18,72.22222222222221,16.666666666666664
2017,HAVENWOODS,27,8,91,29.67032967032967,8.791208791208792
2017,HAWLEY FARMS,18,6,243,7.4074074074074066,2.4691358024691357
2017,HAWTHORNE GLEN,26,8,67,38.80597014925373,11.940298507462686
2017,HERITAGE HEIGHTS,7,3,20,35,15
2017,HIGHWOOD ESTATES,72,23,654,11.009174311926607,3.5168195718654434
2017,HILLSIDE,7,1,542,1.2915129151291513,0.18450184501845018
2017,HISTORIC MITCHELL STREET,1651,368,2712,60.87758112094396,13.569321533923304
2017,HISTORIC THIRD WARD,28,11,999,2.8028028028028027,1.1011011011011012
2017,HOLLER PARK,19,4,39,48.717948717948715,10.256410256410255
2017,HONEY CREEK MANOR,47,27,411,11.435523114355231,6.569343065693431
2017,HONEY CREEK PARKWAY,58,11,176,32.95454545454545,6.25
2017,JACKSON PARK,252,84,1427,17.659425367904696,5.886475122634898
2017,JOHNSON'S WOODS,360,73,617,58.34683954619124,11.831442463533225
2017,JUNEAU TOWN,153,30,2900,5.275862068965517,1.0344827586206897
2017,KILBOURN TOWN,48,17,1853,2.5903939557474365,0.9174311926605505
2017,KING PARK,62,16,815,7.6073619631901845,1.96319018404908
2017,KOPS PARK,67,25,336,19.940476190476193,7.440476190476191
2017,LAND BANK,1,1,11,9.090909090909092,9.090909090909092
2017,LAYTON PARK,491,158,956,51.35983263598326,16.527196652719663
2017,LENOX HEIGHTS,156,48,434,35.944700460829495,11.059907834101383
2017,LINCOLN CREEK,453,113,1170,38.71794871794872,9.65811965811966
2017,LINCOLN PARK,582,101,1293,45.011600928074245,7.8112915699922665
2017,LINCOLN VILLAGE,1533,494,2402,63.8218151540383,20.566194837635305
2017,LINDSAY PARK,86,24,1034,8.317214700193423,2.321083172147002
2017,LITTLE MENOMONEE PARKWAY,28,14,176,15.909090909090908,7.954545454545454
2017,LONG VIEW,111,40,552,20.108695652173914,7.246376811594203
2017,LOWER EAST SIDE,867,283,7940,10.919395465994961,3.5642317380352644
2017,LYONS PARK,27,11,146,18.493150684931507,7.534246575342466
2017,MACK ACRES,5,2,5,100,40
2017,MAITLAND PARK,29,11,194,14.948453608247423,5.670103092783505
2017,MAPLE TREE,99,31,682,14.516129032258066,4.545454545454546
2017,MARTIN DRIVE,304,47,519,58.57418111753372,9.05587668593449
2017,MC GOVERN PARK,285,80,566,50.35335689045937,14.13427561837456
2017,MELODY VIEW,13,7,169,7.6923076923076925,4.142011834319527
2017,MENOMONEE RIVER HILLS,272,107,1455,18.694158075601376,7.353951890034365
2017,MENOMONEE RIVER HILLS EAST,109,39,410,26.585365853658537,9.512195121951219
2017,MENOMONEE RIVER PARKWAY,31,7,78,39.743589743589745,8.974358974358974
2017,MENOMONEE RIVER VALLEY,5,3,32,15.625,9.375
2017,MERRILL PARK,778,218,1173,66.32566069906224,18.584825234441603
2017,METCALFE PARK,487,83,756,64.41798941798942,10.978835978835978
2017,MIDTOWN,826,145,1718,48.07916181606519,8.440046565774157
2017,MILL VALLEY,14,5,40,35,12.5
2017,MILLER VALLEY,189,49,379,49.86807387862797,12.928759894459102
2017,MITCHELL FIELD,15,4,66,22.727272727272727,6.0606060606060606
2017,MITCHELL PARK,21,5,176,11.931818181818182,2.840909090909091
2017,MITCHELL WEST,112,40,594,18.855218855218855,6.7340067340067336
2017,MORGAN HEIGHTS,39,22,300,13,7.333333333333333
2017,MORGANDALE,186,90,885,21.01694915254237,10.16949152542373
2017,MOUNT MARY,36,15,139,25.899280575539567,10.79136690647482
2017,MOUNT OLIVET,2,1,13,15.384615384615385,7.6923076923076925
2017,MURRAY HILL,108,27,3213,3.361344537815126,0.8403361344537815
2017,MUSKEGO WAY,867,230,2404,36.064891846921796,9.56738768718802
2017,NASH PARK,88,37,426,20.657276995305164,8.685446009389672
2017,NATIONAL PARK,144,47,611,23.567921440261866,7.6923076923076925
2017,NEW COELN,10,5,23,43.47826086956522,21.73913043478261
2017,NORTH DIVISION,2133,305,1949,109.440738840431,15.649050795279631
2017,NORTH GRANVILLE,4,2,11,36.36363636363637,18.181818181818183
2017,NORTH MEADOWS,245,48,1304,18.788343558282207,3.6809815950920246
2017,NORTHPOINT,55,31,1341,4.1014168530947055,2.3117076808351977
2017,NORTHRIDGE,95,32,559,16.99463327370304,5.724508050089446
2017,NORTHRIDGE LAKES,32,10,1097,2.917046490428441,0.9115770282588878
2017,OLD NORTH MILWAUKEE,2948,512,3745,78.71829105473965,13.671562082777037
2017,PARK KNOLL,33,9,59,55.932203389830505,15.254237288135593
2017,PARK PLACE,2,1,24,8.333333333333332,4.166666666666666
2017,PARK VIEW,9,3,35,25.71428571428571,8.571428571428571
2017,PARK WEST,1874,308,1675,111.88059701492537,18.388059701492537
2017,PARKWAY HILLS,9,5,199,4.522613065326634,2.512562814070352
2017,PHEASANT RUN,75,17,176,42.61363636363637,9.659090909090908
2017,POLLBER HEIGHTS,47,26,141,33.33333333333333,18.439716312056735
2017,POLONIA,259,94,862,30.046403712296982,10.904872389791183
2017,RIDGEVIEW,14,5,24,58.333333333333336,20.833333333333336
2017,RIVER BEND,73,23,229,31.877729257641924,10.043668122270741
2017,RIVERSIDE PARK,72,17,595,12.100840336134453,2.857142857142857
2017,RIVERTON HEIGHTS,46,18,155,29.677419354838708,11.612903225806452
2017,RIVERWEST,1526,424,4170,36.594724220623505,10.167865707434052
2017,ROLLING GREEN,85,28,445,19.101123595505616,6.292134831460674
2017,ROOSEVELT GROVE,653,118,1252,52.156549520766774,9.424920127795527
2017,ROOT CREEK,77,31,404,19.05940594059406,7.673267326732673
2017,RUFUS KING,1006,144,1084,92.80442804428044,13.284132841328415
2017,SAINT JOSEPH,1084,213,1546,70.11642949547219,13.777490297542045
2017,SAVELAND PARK,29,9,142,20.422535211267608,6.338028169014084
2017,SERVITE WOODS,49,20,355,13.802816901408452,5.633802816901409
2017,SHERMAN PARK,1337,238,1671,80.01196888090963,14.24296828246559
2017,SILVER CITY,312,93,871,35.82089552238806,10.677382319173363
2017,SILVER SPRING,695,216,3021,23.00562727573651,7.149950347567032
2017,SILVER SWAN,148,46,884,16.7420814479638,5.203619909502263
2017,SOUTHGATE,30,11,519,5.780346820809249,2.119460500963391
2017,SOUTHPOINT,54,28,932,5.793991416309012,3.004291845493562
2017,ST. AMELIAN'S,35,15,332,10.542168674698797,4.518072289156627
2017,STORY HILL,89,27,354,25.141242937853107,7.627118644067797
2017,SUNSET HEIGHTS,283,40,725,39.03448275862069,5.517241379310345
2017,THE VALLEY / PIGSVILLE,109,22,135,80.74074074074075,16.296296296296298
2017,THURSTON WOODS,517,136,968,53.40909090909091,14.049586776859504
2017,TIMMERMAN AIRPORT,19,8,161,11.801242236024844,4.968944099378882
2017,TIMMERMAN WEST,111,34,1344,8.258928571428571,2.5297619047619047
2017,TIPPECANOE,157,106,701,22.39657631954351,15.121255349500714
2017,TOWN & COUNTRY MANOR,102,27,635,16.062992125984252,4.251968503937007
2017,TOWN OF LAKE,115,47,587,19.591141396933562,8.006814310051109
2017,TRIANGLE,104,21,93,111.8279569892473,22.58064516129032
2017,TRIANGLE NORTH,131,27,447,29.30648769574944,6.0402684563758395
2017,TRIPOLI PARK,32,15,295,10.847457627118644,5.084745762711865
2017,UPPER EAST SIDE,255,57,867,29.411764705882355,6.5743944636678195
2017,UPTOWN,815,164,1503,54.22488356620093,10.911510312707918
2017,VALHALLA,137,48,1108,12.364620938628159,4.332129963898916
2017,VALLEY FORGE,5,2,55,9.090909090909092,3.6363636363636362
2017,VOGEL PARK,17,10,739,2.3004059539918806,1.3531799729364005
2017,WAHL PARK,73,22,607,12.026359143327841,3.6243822075782535
2017,WALKER'S POINT,1054,262,2800,37.642857142857146,9.357142857142858
2017,WALNUT HILL,357,52,559,63.864042933810374,9.30232558139535
2017,WASHINGTON HEIGHTS,366,94,1153,31.743278404163057,8.152645273200347
2017,WASHINGTON PARK,1325,213,1374,96.43377001455605,15.502183406113538
2017,WEDGEWOOD,53,33,246,21.544715447154474,13.414634146341465
2017,WEST VIEW,55,16,410,13.414634146341465,3.902439024390244
2017,WHISPERING HILLS,13,6,43,30.23255813953488,13.953488372093023
2017,WHITE MANOR,53,19,280,18.928571428571427,6.785714285714286
2017,WICK FIELD,13,5,194,6.701030927835052,2.5773195876288657
2017,WILLIAMSBURG,880,127,620,141.93548387096774,20.483870967741936
2017,WILSON PARK,115,42,579,19.86183074265976,7.253886010362693
2017,WOODLAND COURT,5,2,341,1.466275659824047,0.5865102639296188
2017,WYRICK PARK,14,7,574,2.4390243902439024,1.2195121951219512
2017,YANKEE HILL,153,26,2333,6.558079725675096,1.1144449207029576
2018,ALCOTT PARK,13,4,64,20.3125,6.25
2018,ALVERNO,48,16,287,16.72473867595819,5.574912891986063
2018,ARLINGTON GARDENS,64,23,389,16.452442159383033,5.912596401028278
2018,ARLINGTON HEIGHTS,966,134,1204,80.23255813953489,11.129568106312291
2018,AVENUES WEST,839,244,4958,16.92214602662364,4.921339249697459
2018,BARAN PARK,45,10,41,109.75609756097562,24.390243902439025
2018,BAY VIEW,688,367,3878,17.74110366168128,9.463641052088706
2018,BLUEMOUND HEIGHTS,243,60,709,34.27362482369535,8.46262341325811
2018,BORCHERT FIELD,1084,125,982,110.38696537678207,12.729124236252545
2018,BRADLEY ESTATES,113,33,770,14.675324675324674,4.285714285714286
2018,BREWER'S HILL,238,67,1100,21.636363636363637,6.090909090909091
2018,BRYNWOOD,3,3,5,60,60
2018,BURNHAM PARK,367,103,1069,34.3311506080449,9.635173058933583
2018,CALUMET FARMS,64,26,724,8.83977900552486,3.591160220994475
2018,CAMBRIDGE HEIGHTS,48,21,903,5.3156146179401995,2.3255813953488373
2018,CANNON PARK,117,45,631,18.54199683042789,7.131537242472266
2018,CAPITOL HEIGHTS,185,63,926,19.978401727861772,6.8034557235421165
2018,CASTLE MANOR,101,51,972,10.390946502057613,5.246913580246913
2018,CLARKE SQUARE,532,148,1788,29.753914988814316,8.277404921700224
2018,CLAYTON CREST,15,5,52,28.846153846153843,9.615384615384617
2018,CLOCK TOWER ACRES,135,37,428,31.542056074766357,8.644859813084112
2018,COLD SPRING PARK,341,63,1069,31.898971000935454,5.893358278765201
2018,COLLEGE HEIGHTS,14,7,24,58.333333333333336,29.166666666666668
2018,COLUMBUS PARK,100,37,749,13.351134846461948,4.939919893190922
2018,CONCORDIA,671,154,1852,36.23110151187905,8.315334773218144
2018,COOPER PARK,269,138,502,53.58565737051792,27.490039840637447
2018,COPERNICUS PARK,12,4,41,29.268292682926827,9.75609756097561
2018,DINEEN PARK,259,110,1179,21.96776929601357,9.32994062765055
2018,DOWNER WOODS,9,6,407,2.211302211302211,1.4742014742014742
2018,DRETZKA PARK,6,2,110,5.454545454545454,1.8181818181818181
2018,ENDERIS PARK,267,147,729,36.62551440329218,20.16460905349794
2018,ESTABROOK PARK,1,1,380,0.2631578947368421,0.2631578947368421
2018,EUCLID PARK,92,44,603,15.257048092868988,7.2968490878938645
2018,FAIR PARK,47,15,235,20,6.382978723404255
2018,FAIRFIELD,179,45,691,25.904486251808972,6.512301013024602
2018,FAIRVIEW,109,51,370,29.45945945945946,13.783783783783784
2018,FERNWOOD,47,18,477,9.853249475890985,3.7735849056603774
2018,FLORIST HIGHLANDS,60,12,231,25.97402597402597,5.194805194805195
2018,FOREST HOME HILLS,586,177,877,66.81870011402509,20.182440136830103
2018,FRANKLIN HEIGHTS,1531,217,2104,72.76615969581749,10.313688212927756
2018,FREEDOM VILLAGE,1,1,172,0.5813953488372093,0.5813953488372093
2018,GARDEN HOMES,423,78,708,59.7457627118644,11.016949152542372
2018,GOLDEN GATE,24,8,22,109.09090909090908,36.36363636363637
2018,GOLDEN VALLEY,142,74,351,40.45584045584046,21.082621082621085
2018,GOLDMAN PARK,57,29,235,24.25531914893617,12.340425531914894
2018,GRA-RAM,88,32,405,21.728395061728396,7.901234567901234
2018,GRACELAND,139,51,422,32.93838862559242,12.085308056872037
2018,GRANTOSA,88,45,625,14.08,7.199999999999999
2018,GRANVILLE STATION,34,14,694,4.899135446685879,2.0172910662824206
2018,GRASSLYN MANOR,178,68,921,19.32681867535288,7.38327904451683
2018,GREEN MOOR,37,9,29,127.58620689655173,31.03448275862069
2018,GROVER HEIGHTS,4,3,96,4.166666666666666,3.125
2018,HALYARD PARK,72,22,276,26.08695652173913,7.971014492753622
2018,HAMPTON HEIGHTS,434,102,1468,29.56403269754768,6.948228882833788
2018,HARAMBEE,4026,604,3418,117.78818022235225,17.67115272088941
2018,HARBOR VIEW,29,9,446,6.502242152466367,2.0179372197309418
2018,HARDER'S OAKS,20,5,17,117.64705882352942,29.411764705882355
2018,HAVENWOODS,34,12,93,36.55913978494624,12.903225806451612
2018,HAWLEY FARMS,59,26,237,24.894514767932492,10.970464135021098
2018,HAWTHORNE GLEN,69,8,63,109.52380952380953,12.698412698412698
2018,HAYMARKET,23,10,159,14.465408805031446,6.289308176100629
2018,HERITAGE HEIGHTS,8,4,18,44.44444444444444,22.22222222222222
2018,HIGHWOOD ESTATES,144,48,648,22.22222222222222,7.4074074074074066
2018,HILLSIDE,4,2,541,0.7393715341959335,0.36968576709796674
2018,HISTORIC MITCHELL STREET,1726,448,2705,63.80776340110905,16.56192236598891
2018,HISTORIC THIRD WARD,7,6,991,0.7063572149344097,0.6054490413723511
2018,HOLLER PARK,14,6,36,38.88888888888889,16.666666666666664
2018,HONEY CREEK MANOR,80,31,418,19.138755980861244,7.4162679425837315
2018,HONEY CREEK PARKWAY,48,11,154,31.16883116883117,7.142857142857142
2018,JACKSON PARK,401,161,1411,28.41956059532247,11.410347271438697
2018,JOHNSON'S WOODS,247,55,611,40.42553191489361,9.00163666121113
2018,JUNEAU TOWN,89,24,2880,3.0902777777777777,0.8333333333333334
2018,KILBOURN TOWN,87,30,2483,3.5038260169150224,1.2082158679017316
2018,KING PARK,83,27,814,10.196560196560196,3.3169533169533167
2018,KOPS PARK,94,46,347,27.089337175792505,13.256484149855908
2018,LAND BANK,3,2,11,27.27272727272727,18.181818181818183
2018,LAYTON PARK,371,128,974,38.09034907597536,13.141683778234087
2018,LENOX HEIGHTS,126,61,435,28.965517241379313,14.022988505747128
2018,LINCOLN CREEK,336,85,1201,27.9766860949209,7.077435470441299
2018,LINCOLN PARK,394,99,1308,30.122324159021407,7.568807339449542
2018,LINCOLN VILLAGE,1598,527,2447,65.30445443400082,21.536575398447077
2018,LINDSAY PARK,136,54,1017,13.372664700098328,5.3097345132743365
2018,LITTLE MENOMONEE PARKWAY,29,13,175,16.57142857142857,7.428571428571429
2018,LONG VIEW,130,46,569,22.847100175746924,8.084358523725834
2018,LOWER EAST SIDE,540,230,8203,6.582957454589784,2.8038522491771305
2018,LYONS PARK,44,20,149,29.53020134228188,13.422818791946309
2018,MACK ACRES,7,3,5,140,60
2018,MAITLAND PARK,41,19,197,20.812182741116754,9.644670050761421
2018,MAPLE TREE,101,43,691,14.616497829232996,6.2228654124457305
2018,MARQUETTE,4,2,384,1.0416666666666665,0.5208333333333333
2018,MARTIN DRIVE,409,85,509,80.35363457760315,16.699410609037326
2018,MC GOVERN PARK,279,64,591,47.20812182741117,10.829103214890017
2018,MELODY VIEW,9,5,165,5.454545454545454,3.0303030303030303
2018,MENOMONEE RIVER HILLS,284,118,1470,19.319727891156464,8.027210884353742
2018,MENOMONEE RIVER HILLS EAST,105,43,417,25.179856115107913,10.311750599520384
2018,MENOMONEE RIVER PARKWAY,22,2,80,27.500000000000004,2.5
2018,MENOMONEE RIVER VALLEY,2,2,129,1.550387596899225,1.550387596899225
2018,MERRILL PARK,705,137,1180,59.7457627118644,11.610169491525424
2018,METCALFE PARK,607,106,744,81.58602150537635,14.24731182795699
2018,MIDTOWN,697,176,1700,41,10.352941176470589
2018,MILL VALLEY,24,15,40,60,37.5
2018,MILLER VALLEY,216,40,382,56.54450261780105,10.471204188481675
2018,MITCHELL FIELD,6,3,69,8.695652173913043,4.3478260869565215
2018,MITCHELL PARK,14,4,177,7.909604519774012,2.2598870056497176
2018,MITCHELL WEST,222,83,601,36.938435940099836,13.810316139767053
2018,MORGAN HEIGHTS,70,28,297,23.56902356902357,9.427609427609427
2018,MORGANDALE,200,108,890,22.47191011235955,12.134831460674157
2018,MOUNT MARY,72,40,139,51.798561151079134,28.776978417266186
2018,MOUNT OLIVET,6,2,13,46.15384615384615,15.384615384615385
2018,MURRAY HILL,87,39,3200,2.71875,1.21875
2018,MUSKEGO WAY,751,239,2427,30.943551709929956,9.847548413679439
2018,NASH PARK,219,95,433,50.57736720554272,21.939953810623557
2018,NATIONAL PARK,155,54,598,25.91973244147157,9.03010033444816
2018,NEW COELN,13,8,25,52,32
2018,NORTH DIVISION,1229,202,1923,63.91055642225689,10.504420176807072
2018,NORTH GRANVILLE,1,1,12,8.333333333333332,8.333333333333332
2018,NORTH MEADOWS,93,30,1291,7.203718048024788,2.3237800154918666
2018,NORTHPOINT,74,40,1426,5.189340813464235,2.805049088359046
2018,NORTHRIDGE,74,22,555,13.333333333333334,3.963963963963964
2018,NORTHRIDGE LAKES,63,15,1098,5.737704918032787,1.366120218579235
2018,OLD NORTH MILWAUKEE,1905,385,3801,50.118389897395424,10.128913443830571
2018,PARK KNOLL,13,5,55,23.636363636363637,9.090909090909092
2018,PARK PLACE,3,1,17,17.647058823529413,5.88235294117647
2018,PARK VIEW,32,11,33,96.96969696969697,33.33333333333333
2018,PARK WEST,1282,219,1626,78.84378843788437,13.468634686346864
2018,PARKWAY HILLS,16,9,199,8.040201005025125,4.522613065326634
2018,PHEASANT RUN,31,20,178,17.415730337078653,11.235955056179774
2018,POLLBER HEIGHTS,11,4,142,7.746478873239436,2.8169014084507045
2018,POLONIA,399,162,862,46.2877030162413,18.793503480278424
2018,RED OAK HEIGHTS,8,4,17,47.05882352941176,23.52941176470588
2018,RIVER BEND,180,60,224,80.35714285714286,26.785714285714285
2018,RIVERSIDE PARK,7,4,583,1.2006861063464835,0.6861063464837049
2018,RIVERTON HEIGHTS,23,5,155,14.838709677419354,3.225806451612903
2018,RIVERWEST,984,253,4139,23.77385841990819,6.112587581541435
2018,ROLLING GREEN,116,44,451,25.72062084257206,9.75609756097561
2018,ROOSEVELT GROVE,477,118,1267,37.64798737174428,9.31333859510655
2018,ROOT CREEK,131,53,404,32.42574257425743,13.118811881188119
2018,RUFUS KING,963,136,1104,87.22826086956522,12.318840579710146
2018,SAINT JOSEPH,972,184,1562,62.22791293213829,11.7797695262484
2018,SAVELAND PARK,22,13,139,15.827338129496402,9.352517985611511
2018,SERVITE WOODS,33,8,351,9.401709401709402,2.2792022792022792
2018,SHERMAN PARK,1607,252,1672,96.11244019138756,15.07177033492823
2018,SILVER CITY,322,82,874,36.84210526315789,9.382151029748284
2018,SILVER SPRING,643,224,2704,23.77958579881657,8.284023668639055
2018,SILVER SWAN,249,74,884,28.167420814479637,8.3710407239819
2018,SOUTHGATE,84,34,200,42,17
2018,SOUTHPOINT,139,58,928,14.97844827586207,6.25
2018,ST. AMELIAN'S,82,31,341,24.04692082111437,9.090909090909092
2018,STORY HILL,164,40,355,46.19718309859155,11.267605633802818
2018,SUNSET HEIGHTS,270,56,722,37.396121883656505,7.756232686980609
2018,THE VALLEY / PIGSVILLE,102,19,138,73.91304347826086,13.768115942028986
2018,THURSTON WOODS,379,97,981,38.63404689092763,9.887869520897045
2018,TIMMERMAN AIRPORT,6,6,163,3.6809815950920246,3.6809815950920246
2018,TIMMERMAN WEST,109,55,1350,8.074074074074074,4.074074074074074
2018,TIPPECANOE,104,41,707,14.71004243281471,5.799151343705799
2018,TOWN & COUNTRY MANOR,138,44,626,22.044728434504794,7.0287539936102235
2018,TOWN OF LAKE,110,42,588,18.70748299319728,7.142857142857142
2018,TRIANGLE,136,26,96,141.66666666666669,27.083333333333332
2018,TRIANGLE NORTH,170,29,450,37.77777777777778,6.444444444444445
2018,TRIPOLI PARK,61,19,294,20.74829931972789,6.462585034013606
2018,UPPER EAST SIDE,32,13,876,3.65296803652968,1.4840182648401825
2018,UPTOWN,819,187,1514,54.09511228533685,12.351387054161163
2018,VALHALLA,296,98,1109,26.690712353471596,8.836789900811542
2018,VOGEL PARK,63,34,735,8.571428571428571,4.625850340136054
2018,WAHL PARK,208,43,607,34.2668863261944,7.0840197693574956
2018,WALKER'S POINT,872,224,3149,27.69133058113687,7.113369323594792
2018,WALNUT HILL,239,42,581,41.13597246127367,7.228915662650602
2018,WASHINGTON HEIGHTS,254,75,1130,22.477876106194692,6.637168141592921
2018,WASHINGTON PARK,918,149,1314,69.86301369863014,11.339421613394215
2018,WEDGEWOOD,163,52,245,66.53061224489795,21.224489795918366
2018,WEST VIEW,102,38,416,24.519230769230766,9.134615384615383
2018,WHISPERING HILLS,8,3,40,20,7.5
2018,WHITE MANOR,96,37,283,33.92226148409894,13.074204946996467
2018,WICK FIELD,56,24,195,28.717948717948715,12.307692307692308
2018,WILLIAMSBURG,1451,206,619,234.41033925686588,33.2794830371567
2018,WILSON PARK,108,44,586,18.43003412969283,7.508532423208192
2018,WOODLAND COURT,10,4,341,2.932551319648094,1.1730205278592376
2018,WYRICK PARK,24,13,577,4.15944540727903,2.2530329289428077
2018,YANKEE HILL,103,17,2430,4.238683127572016,0.6995884773662552
2019,ALCOTT PARK,4,3,57,7.017543859649122,5.263157894736842
2019,ALVERNO,54,18,285,18.947368421052634,6.315789473684211
2019,ARLINGTON GARDENS,47,24,380,12.368421052631579,6.315789473684211
2019,ARLINGTON HEIGHTS,1072,184,1196,89.63210702341136,15.384615384615385
2019,AVENUES WEST,718,160,4954,14.493338716188939,3.229713362939039
2019,BARAN PARK,22,3,45,48.888888888888886,6.666666666666667
2019,BAY VIEW,374,144,4297,8.70374680009309,3.351175238538515
2019,BLUEMOUND HEIGHTS,252,81,715,35.24475524475525,11.328671328671328
2019,BORCHERT FIELD,634,111,990,64.04040404040404,11.212121212121213
2019,BRADLEY ESTATES,85,27,760,11.18421052631579,3.552631578947368
2019,BREWER'S HILL,229,56,1098,20.856102003642988,5.100182149362477
2019,BURNHAM PARK,384,112,1051,36.53663177925785,10.65651760228354
2019,CALUMET FARMS,32,15,722,4.43213296398892,2.0775623268698062
2019,CAMBRIDGE HEIGHTS,72,44,897,8.02675585284281,4.9052396878483835
2019,CANNON PARK,166,60,634,26.18296529968454,9.46372239747634
2019,CAPITOL HEIGHTS,150,69,908,16.519823788546255,7.599118942731277
2019,CASTLE MANOR,97,30,980,9.89795918367347,3.061224489795918
2019,CLARKE SQUARE,695,277,1802,38.568257491675915,15.37180910099889
2019,CLAYTON CREST,6,4,47,12.76595744680851,8.51063829787234
2019,CLOCK TOWER ACRES,189,40,428,44.1588785046729,9.345794392523365
2019,COLD SPRING PARK,426,128,1073,39.70177073625349,11.929170549860205
2019,COLLEGE HEIGHTS,15,6,24,62.5,25
2019,COLUMBUS PARK,134,45,746,17.962466487935657,6.032171581769437
2019,CONCORDIA,772,210,1829,42.20885729907053,11.481683980317113
2019,COOPER PARK,95,36,495,19.19191919191919,7.2727272727272725
2019,COPERNICUS PARK,5,4,38,13.157894736842104,10.526315789473683
2019,DINEEN PARK,140,59,1187,11.794439764111205,4.970513900589722
2019,DOWNER WOODS,28,15,414,6.763285024154589,3.6231884057971016
2019,DRETZKA PARK,1,1,108,0.9259259259259258,0.9259259259259258
2019,ENDERIS PARK,120,55,715,16.783216783216783,7.6923076923076925
2019,ESTABROOK PARK,7,5,379,1.8469656992084433,1.3192612137203166
2019,EUCLID PARK,84,27,602,13.953488372093023,4.485049833887043
2019,FAIR PARK,70,23,232,30.17241379310345,9.913793103448276
2019,FAIRFIELD,85,28,692,12.283236994219653,4.046242774566474
2019,FAIRVIEW,108,38,355,30.422535211267604,10.704225352112676
2019,FERNWOOD,28,16,475,5.894736842105263,3.3684210526315788
2019,FLORIST HIGHLANDS,15,6,223,6.726457399103139,2.690582959641256
2019,FOREST HOME HILLS,545,180,858,63.51981351981352,20.97902097902098
2019,FRANKLIN HEIGHTS,1467,228,2130,68.87323943661971,10.704225352112676
2019,GARDEN HOMES,588,107,708,83.05084745762711,15.112994350282486
2019,GOLDEN GATE,20,11,16,125,68.75
2019,GOLDEN VALLEY,28,16,345,8.115942028985506,4.63768115942029
2019,GOLDMAN PARK,66,20,226,29.20353982300885,8.849557522123893
2019,GRA-RAM,84,30,403,20.843672456575682,7.444168734491314
2019,GRACELAND,140,33,417,33.573141486810556,7.913669064748201
2019,GRANTOSA,59,19,626,9.424920127795527,3.035143769968051
2019,GRANVILLE STATION,21,8,693,3.0303030303030303,1.1544011544011543
2019,GRANVILLE WOODS,3,1,1,300,100
2019,GRASSLYN MANOR,157,53,901,17.42508324084351,5.88235294117647
2019,GREEN MOOR,24,6,23,104.34782608695652,26.08695652173913
2019,GROVER HEIGHTS,82,10,92,89.13043478260869,10.869565217391305
2019,HALYARD PARK,21,9,268,7.835820895522389,3.3582089552238807
2019,HAMPTON HEIGHTS,419,91,1481,28.291694800810262,6.144496961512492
2019,HARAMBEE,1908,355,3297,57.870791628753416,10.767364270548983
2019,HARBOR VIEW,32,15,603,5.306799336650083,2.4875621890547266
2019,HARDER'S OAKS,3,2,17,17.647058823529413,11.76470588235294
2019,HAVENWOODS,20,6,90,22.22222222222222,6.666666666666667
2019,HAWLEY FARMS,44,17,234,18.803418803418804,7.264957264957266
2019,HAWTHORNE GLEN,20,10,70,28.57142857142857,14.285714285714285
2019,HAYMARKET,4,2,159,2.515723270440252,1.257861635220126
2019,HERITAGE HEIGHTS,1,1,19,5.263157894736842,5.263157894736842
2019,HIGHWOOD ESTATES,63,18,641,9.82839313572543,2.80811232449298
2019,HISTORIC MITCHELL STREET,1355,449,2686,50.44676098287416,16.716306775874905
2019,HISTORIC THIRD WARD,59,13,1131,5.216622458001768,1.1494252873563218
2019,HOLLER PARK,33,7,36,91.66666666666666,19.444444444444446
2019,HONEY CREEK MANOR,28,12,407,6.87960687960688,2.9484029484029484
2019,HONEY CREEK PARKWAY,62,25,235,26.382978723404253,10.638297872340425
2019,JACKSON PARK,338,111,1404,24.074074074074073,7.905982905982905
2019,JOHNSON'S WOODS,267,75,599,44.574290484140235,12.520868113522537
2019,JUNEAU TOWN,83,35,3130,2.6517571884984026,1.1182108626198082
2019,KILBOURN TOWN,115,53,2498,4.603682946357086,2.1216973578863088
2019,KING PARK,57,20,805,7.080745341614906,2.484472049689441
2019,KOPS PARK,70,33,326,21.472392638036812,10.122699386503067
2019,LAND BANK,16,6,10,160,60
2019,LAYTON PARK,418,148,955,43.7696335078534,15.49738219895288
2019,LENOX HEIGHTS,70,29,434,16.129032258064516,6.682027649769585
2019,LINCOLN CREEK,324,75,1195,27.11297071129707,6.2761506276150625
2019,LINCOLN PARK,272,79,1319,20.621683093252464,5.9893858984078845
2019,LINCOLN VILLAGE,1823,596,2447,74.4993870044953,24.356354720065386
2019,LINDSAY PARK,59,22,1009,5.847373637264618,2.180376610505451
2019,LITTLE MENOMONEE PARKWAY,20,9,178,11.235955056179774,5.056179775280898
2019,LONG VIEW,130,44,562,23.131672597864767,7.829181494661921
2019,LOWER EAST SIDE,573,242,8506,6.736421349635552,2.8450505525511405
2019,LYONS PARK,42,16,149,28.187919463087248,10.738255033557047
2019,MACK ACRES,11,4,4,275,100
2019,MAITLAND PARK,58,24,199,29.145728643216078,12.060301507537687
2019,MAPLE TREE,73,20,680,10.735294117647058,2.941176470588235
2019,MARTIN DRIVE,380,84,481,79.002079002079,17.463617463617464
2019,MC GOVERN PARK,325,78,589,55.178268251273344,13.242784380305602
2019,MELODY VIEW,21,8,167,12.574850299401197,4.790419161676647
2019,MENOMONEE RIVER HILLS,233,64,1461,15.94798083504449,4.380561259411362
2019,MENOMONEE RIVER HILLS EAST,87,23,477,18.238993710691823,4.821802935010482
2019,MENOMONEE RIVER PARKWAY,19,5,77,24.675324675324674,6.493506493506493
2019,MERRILL PARK,517,146,1171,44.15029888983775,12.46797608881298
2019,METCALFE PARK,433,79,733,59.07230559345157,10.77762619372442
2019,MIDTOWN,813,160,1704,47.7112676056338,9.389671361502346
2019,MILLER VALLEY,190,48,380,50,12.631578947368421
2019,MITCHELL FIELD,8,5,71,11.267605633802818,7.042253521126761
2019,MITCHELL PARK,9,4,177,5.084745762711865,2.2598870056497176
2019,MITCHELL WEST,209,81,599,34.891485809682806,13.52253756260434
2019,MORGAN HEIGHTS,54,18,291,18.556701030927837,6.185567010309279
2019,MORGANDALE,262,100,873,30.011454753722795,11.45475372279496
2019,MOUNT MARY,6,5,133,4.511278195488721,3.7593984962406015
2019,MOUNT OLIVET,3,3,10,30,30
2019,MURRAY HILL,206,122,3189,6.459705236751333,3.825650674192537
2019,MUSKEGO WAY,791,255,2396,33.01335559265443,10.642737896494157
2019,NASH PARK,43,14,413,10.411622276029057,3.389830508474576
2019,NATIONAL PARK,168,63,580,28.965517241379313,10.86206896551724
2019,NEW COELN,8,3,24,33.33333333333333,12.5
2019,NORTH DIVISION,1050,210,1979,53.05709954522486,10.611419909044972
2019,NORTH GRANVILLE,10,4,12,83.33333333333334,33.33333333333333
2019,NORTH MEADOWS,68,19,1290,5.271317829457364,1.4728682170542635
2019,NORTHPOINT,86,41,1429,6.0181945416375084,2.8691392582225332
2019,NORTHRIDGE,43,14,555,7.747747747747748,2.5225225225225225
2019,NORTHRIDGE LAKES,108,29,1097,9.845031905195988,2.643573381950775
2019,OLD NORTH MILWAUKEE,1311,350,3786,34.627575277337556,9.2445853143159
2019,PARK KNOLL,7,5,56,12.5,8.928571428571429
2019,PARK VIEW,30,4,40,75,10
2019,PARK WEST,928,166,1621,57.248611967921036,10.240592227020358
2019,PARKWAY HILLS,12,7,202,5.9405940594059405,3.4653465346534658
2019,PHEASANT RUN,41,15,173,23.699421965317917,8.670520231213873
2019,POLLBER HEIGHTS,46,23,141,32.62411347517731,16.312056737588655
2019,POLONIA,263,90,841,31.272294887039237,10.70154577883472
2019,RIDGEVIEW,2,2,22,9.090909090909092,9.090909090909092
2019,RIVER BEND,63,17,217,29.03225806451613,7.834101382488479
2019,RIVERSIDE PARK,51,30,577,8.838821490467938,5.1993067590987865
2019,RIVERTON HEIGHTS,25,6,158,15.822784810126583,3.79746835443038
2019,RIVERWEST,847,281,4071,20.805698845492508,6.902480962908377
2019,ROLLING GREEN,122,38,438,27.85388127853881,8.67579908675799
2019,ROOSEVELT GROVE,549,115,1273,43.12647289866457,9.03377847604085
2019,ROOT CREEK,108,37,402,26.865671641791046,9.203980099502488
2019,RUFUS KING,895,133,1099,81.43767060964512,12.101910828025478
2019,SAINT JOSEPH,1123,188,1535,73.15960912052117,12.247557003257329
2019,SAVELAND PARK,32,13,139,23.021582733812952,9.352517985611511
2019,SERVITE WOODS,29,11,351,8.262108262108262,3.133903133903134
2019,SHERMAN PARK,1263,261,1667,75.76484703059388,15.656868626274745
2019,SILVER CITY,314,156,856,36.68224299065421,18.22429906542056
2019,SILVER SPRING,665,188,2724,24.412628487518358,6.901615271659324
2019,SILVER SWAN,173,64,887,19.503945885005635,7.215332581736189
2019,SOUTHGATE,83,30,518,16.023166023166024,5.7915057915057915
2019,SOUTHPOINT,49,22,925,5.297297297297297,2.3783783783783785
2019,ST. AMELIAN'S,23,10,342,6.725146198830409,2.923976608187134
2019,STORY HILL,126,49,350,36,14.000000000000002
2019,SUNSET HEIGHTS,218,59,727,29.98624484181568,8.11554332874828
2019,THE VALLEY / PIGSVILLE,158,29,136,116.1764705882353,21.323529411764707
2019,THURSTON WOODS,337,105,975,34.56410256410257,10.76923076923077
2019,TIMMERMAN AIRPORT,5,3,162,3.0864197530864197,1.8518518518518516
2019,TIMMERMAN WEST,53,24,1351,3.923019985196151,1.776461880088823
2019,TIPPECANOE,108,40,701,15.406562054208273,5.706134094151213
2019,TOWN & COUNTRY MANOR,100,33,617,16.207455429497568,5.348460291734198
2019,TOWN OF LAKE,109,55,573,19.022687609075042,9.598603839441536
2019,TRIANGLE,60,16,94,63.829787234042556,17.02127659574468
2019,TRIANGLE NORTH,108,28,446,24.2152466367713,6.278026905829597
2019,TRIPOLI PARK,33,11,291,11.34020618556701,3.7800687285223367
2019,UPPER EAST SIDE,63,30,910,6.923076923076923,3.296703296703297
2019,UPTOWN,779,160,1491,52.24681421864521,10.731052984574111
2019,VALHALLA,227,58,1105,20.542986425339365,5.248868778280543
2019,VALLEY FORGE,2,2,55,3.6363636363636362,3.6363636363636362
2019,VOGEL PARK,39,15,740,5.27027027027027,2.027027027027027
2019,WAHL PARK,346,70,605,57.190082644628106,11.570247933884298
2019,WALKER'S POINT,867,345,3265,26.554364471669217,10.566615620214396
2019,WALNUT HILL,323,63,585,55.21367521367522,10.76923076923077
2019,WASHINGTON HEIGHTS,462,133,1059,43.626062322946176,12.5590179414542
2019,WASHINGTON PARK,1037,203,1321,78.5011355034065,15.367146101438303
2019,WEDGEWOOD,97,38,240,40.416666666666664,15.833333333333332
2019,WEST VIEW,34,12,414,8.212560386473431,2.898550724637681
2019,WHISPERING HILLS,7,5,42,16.666666666666664,11.904761904761903
2019,WHITE MANOR,82,37,280,29.28571428571429,13.214285714285715
2019,WICK FIELD,64,30,197,32.48730964467005,15.228426395939088
2019,WILLIAMSBURG,492,66,614,80.13029315960912,10.749185667752444
2019,WILSON PARK,85,34,567,14.991181657848324,5.996472663139329
2019,WOODLAND COURT,11,4,337,3.2640949554896146,1.1869436201780417
2019,WYRICK PARK,9,4,579,1.5544041450777202,0.690846286701209
2019,YANKEE HILL,69,32,2431,2.8383381324557795,1.316330728095434
2020,ALCOTT PARK,6,4,58,10.344827586206897,6.896551724137931
2020,ALVERNO,16,7,287,5.574912891986063,2.4390243902439024
2020,ARLINGTON GARDENS,43,16,368,11.684782608695652,4.3478260869565215
2020,ARLINGTON HEIGHTS,1048,119,1199,87.40617180984154,9.924937447873228
2020,AVENUES WEST,282,107,4958,5.687777329568374,2.1581282775312625
2020,BARAN PARK,9,2,48,18.75,4.166666666666666
2020,BAY VIEW,274,139,4343,6.309002993322588,3.2005526134008746
2020,BLUEMOUND HEIGHTS,156,40,690,22.608695652173914,5.797101449275362
2020,BORCHERT FIELD,678,115,983,68.97253306205494,11.698880976602238
2020,BRADLEY ESTATES,36,20,761,4.730617608409987,2.628120893561104
2020,BREWER'S HILL,135,37,1081,12.488436632747456,3.4227567067530065
2020,BRYNWOOD,2,2,5,40,40
2020,BURNHAM PARK,78,47,1058,7.372400756143667,4.44234404536862
2020,CALUMET FARMS,62,25,718,8.635097493036211,3.4818941504178276
2020,CAMBRIDGE HEIGHTS,44,14,892,4.932735426008969,1.5695067264573992
2020,CANNON PARK,56,21,634,8.832807570977918,3.3123028391167195
2020,CAPITOL HEIGHTS,238,97,903,26.356589147286826,10.741971207087486
2020,CASTLE MANOR,114,32,973,11.71634121274409,3.28879753340185
2020,CLARKE SQUARE,402,133,1847,21.765024363833245,7.200866269626421
2020,CLAYTON CREST,28,12,45,62.22222222222222,26.666666666666668
2020,CLOCK TOWER ACRES,89,28,429,20.745920745920746,6.526806526806526
2020,COLD SPRING PARK,362,74,1069,33.86342376052385,6.922357343311505
2020,COLLEGE HEIGHTS,2,1,19,10.526315789473683,5.263157894736842
2020,COLUMBUS PARK,110,30,718,15.32033426183844,4.178272980501393
2020,CONCORDIA,409,96,1824,22.423245614035086,5.263157894736842
2020,COOPER PARK,61,23,491,12.423625254582484,4.684317718940937
2020,COPERNICUS PARK,15,9,36,41.66666666666667,25
2020,DINEEN PARK,122,60,1177,10.365335598980458,5.097706032285472
2020,DOWNER WOODS,32,17,422,7.5829383886255926,4.028436018957346
2020,DRETZKA PARK,11,4,105,10.476190476190476,3.8095238095238098
2020,ENDERIS PARK,103,35,724,14.226519337016574,4.834254143646409
2020,ESTABROOK PARK,2,2,379,0.5277044854881267,0.5277044854881267
2020,EUCLID PARK,131,34,597,21.943048576214405,5.6951423785594635
2020,FAIR PARK,62,15,232,26.72413793103448,6.4655172413793105
2020,FAIRFIELD,32,10,694,4.610951008645533,1.440922190201729
2020,FAIRVIEW,74,35,346,21.38728323699422,10.115606936416185
2020,FERNWOOD,28,12,462,6.0606060606060606,2.5974025974025974
2020,FLORIST HIGHLANDS,16,4,205,7.804878048780488,1.951219512195122
2020,FOREST HOME HILLS,346,124,872,39.678899082568805,14.220183486238533
2020,FRANKLIN HEIGHTS,646,161,2123,30.42863871879416,7.583608101742817
2020,FREEDOM VILLAGE,3,2,173,1.7341040462427744,1.1560693641618496
2020,GARDEN HOMES,367,80,701,52.353780313837376,11.412268188302425
2020,GOLDEN GATE,10,8,15,66.66666666666666,53.333333333333336
2020,GOLDEN VALLEY,61,26,338,18.04733727810651,7.6923076923076925
2020,GOLDMAN PARK,86,29,223,38.56502242152467,13.004484304932735
2020,GRA-RAM,128,40,403,31.76178660049628,9.925558312655088
2020,GRACELAND,70,26,406,17.24137931034483,6.403940886699508
2020,GRANTOSA,63,35,619,10.177705977382875,5.654281098546042
2020,GRANVILLE STATION,28,20,696,4.022988505747127,2.8735632183908044
2020,GRASSLYN MANOR,200,50,876,22.831050228310502,5.707762557077626
2020,GREEN MOOR,18,5,20,90,25
2020,GROVER HEIGHTS,114,9,93,122.58064516129032,9.67741935483871
2020,HALYARD PARK,28,11,268,10.44776119402985,4.104477611940299
2020,HAMPTON HEIGHTS,247,71,1463,16.883116883116884,4.853041695146958
2020,HARAMBEE,1028,262,3372,30.486358244365363,7.769869513641756
2020,HARBOR VIEW,29,21,589,4.923599320882852,3.5653650254668934
2020,HARDER'S OAKS,3,1,16,18.75,6.25
2020,HAVENWOODS,34,7,88,38.63636363636363,7.954545454545454
2020,HAWLEY FARMS,83,21,232,35.775862068965516,9.051724137931034
2020,HAWTHORNE GLEN,29,5,66,43.93939393939394,7.575757575757576
2020,HAYMARKET,5,2,159,3.1446540880503147,1.257861635220126
2020,HERITAGE HEIGHTS,1,1,17,5.88235294117647,5.88235294117647
2020,HIGHWOOD ESTATES,69,16,637,10.832025117739404,2.511773940345369
2020,HILLSIDE,5,4,542,0.9225092250922509,0.7380073800738007
2020,HISTORIC MITCHELL STREET,686,260,2681,25.587467362924283,9.697873927638941
2020,HISTORIC THIRD WARD,34,28,1124,3.0249110320284696,2.491103202846975
2020,HOLLER PARK,21,8,36,58.333333333333336,22.22222222222222
2020,HONEY CREEK MANOR,178,63,409,43.52078239608802,15.403422982885084
2020,HONEY CREEK PARKWAY,46,12,241,19.08713692946058,4.979253112033195
2020,JACKSON PARK,160,81,1393,11.486001435750179,5.8147882268485285
2020,JOHNSON'S WOODS,199,53,597,33.33333333333333,8.877721943048575
2020,JUNEAU TOWN,65,41,3119,2.084001282462328,1.3145238858608528
2020,KILBOURN TOWN,37,20,2664,1.3888888888888888,0.7507507507507507
2020,KING PARK,40,12,805,4.968944099378882,1.4906832298136645
2020,KOPS PARK,46,22,302,15.2317880794702,7.28476821192053
2020,LAND BANK,4,4,10,40,40
2020,LAYTON PARK,170,85,943,18.027571580063626,9.013785790031813
2020,LENOX HEIGHTS,96,26,422,22.748815165876778,6.161137440758294
2020,LINCOLN CREEK,309,91,1168,26.455479452054792,7.7910958904109595
2020,LINCOLN PARK,145,53,1315,11.02661596958175,4.030418250950571
2020,LINCOLN VILLAGE,798,346,2422,32.947976878612714,14.285714285714285
2020,LINDSAY PARK,60,34,993,6.042296072507553,3.4239677744209467
2020,LITTLE MENOMONEE PARKWAY,26,10,180,14.444444444444443,5.555555555555555
2020,LONG VIEW,240,70,549,43.71584699453552,12.750455373406194
2020,LOWER EAST SIDE,350,181,8619,4.0607959159995355,2.1000116022740456
2020,LYONS PARK,46,16,143,32.16783216783217,11.188811188811188
2020,MACK ACRES,6,4,5,120,80
2020,MAITLAND PARK,21,8,199,10.552763819095476,4.0201005025125625
2020,MAPLE TREE,38,16,665,5.714285714285714,2.4060150375939853
2020,MARQUETTE,1,1,295,0.3389830508474576,0.3389830508474576
2020,MARTIN DRIVE,194,44,477,40.670859538784065,9.224318658280922
2020,MC GOVERN PARK,131,42,579,22.625215889464595,7.253886010362693
2020,MELODY VIEW,20,6,168,11.904761904761903,3.571428571428571
2020,MENOMONEE RIVER HILLS,219,58,1458,15.020576131687244,3.9780521262002746
2020,MENOMONEE RIVER HILLS EAST,56,15,474,11.814345991561181,3.1645569620253164
2020,MENOMONEE RIVER PARKWAY,13,7,77,16.883116883116884,9.090909090909092
2020,MERRILL PARK,291,81,1165,24.97854077253219,6.9527896995708165
2020,METCALFE PARK,140,34,730,19.17808219178082,4.657534246575342
2020,MIDTOWN,603,127,1692,35.638297872340424,7.505910165484633
2020,MILLER VALLEY,63,21,379,16.62269129287599,5.540897097625329
2020,MITCHELL FIELD,24,10,70,34.285714285714285,14.285714285714285
2020,MITCHELL PARK,12,4,177,6.779661016949152,2.2598870056497176
2020,MITCHELL WEST,267,60,586,45.563139931740615,10.238907849829351
2020,MORGAN HEIGHTS,54,18,290,18.620689655172416,6.206896551724138
2020,MORGANDALE,196,83,854,22.950819672131146,9.718969555035128
2020,MOUNT MARY,21,12,139,15.107913669064748,8.633093525179856
2020,MOUNT OLIVET,1,1,11,9.090909090909092,9.090909090909092
2020,MURRAY HILL,41,29,3167,1.2946005683612252,0.9156930849384275
2020,MUSKEGO WAY,660,273,2406,27.431421446384043,11.346633416458852
2020,NASH PARK,249,96,405,61.48148148148148,23.703703703703706
2020,NATIONAL PARK,109,28,574,18.989547038327526,4.878048780487805
2020,NEW COELN,15,7,22,68.18181818181817,31.818181818181817
2020,NORTH DIVISION,638,153,1965,32.46819338422392,7.786259541984733
2020,NORTH GRANVILLE,12,7,11,109.09090909090908,63.63636363636363
2020,NORTH MEADOWS,111,64,1291,8.597986057319908,4.95739736638265
2020,NORTHPOINT,25,20,1424,1.75561797752809,1.4044943820224718
2020,NORTHRIDGE,69,30,549,12.568306010928962,5.46448087431694
2020,NORTHRIDGE LAKES,133,40,1098,12.112932604735883,3.642987249544627
2020,OLD NORTH MILWAUKEE,1281,276,3822,33.51648351648351,7.221350078492936
2020,PARK KNOLL,8,5,55,14.545454545454545,9.090909090909092
2020,PARK PLACE,2,2,7,28.57142857142857,28.57142857142857
2020,PARK VIEW,46,9,37,124.32432432432432,24.324324324324326
2020,PARK WEST,611,134,1605,38.06853582554517,8.348909657320872
2020,PARKWAY HILLS,18,4,197,9.137055837563452,2.030456852791878
2020,PHEASANT RUN,38,16,178,21.34831460674157,8.98876404494382
2020,POLLBER HEIGHTS,33,18,139,23.741007194244602,12.949640287769784
2020,POLONIA,233,94,828,28.140096618357486,11.352657004830919
2020,RED OAK HEIGHTS,19,6,19,100,31.57894736842105
2020,RIDGEVIEW,3,3,23,13.043478260869565,13.043478260869565
2020,RIVER BEND,155,37,214,72.42990654205607,17.289719626168225
2020,RIVERSIDE PARK,7,7,570,1.2280701754385965,1.2280701754385965
2020,RIVERTON HEIGHTS,7,5,150,4.666666666666667,3.3333333333333335
2020,RIVERWEST,536,199,4001,13.396650837290677,4.973756560859785
2020,ROLLING GREEN,73,28,430,16.97674418604651,6.511627906976744
2020,ROOSEVELT GROVE,388,105,1273,30.479183032207384,8.248232521602514
2020,ROOT CREEK,73,27,393,18.575063613231553,6.870229007633588
2020,RUFUS KING,688,120,1099,62.602365787079165,10.91901728844404
2020,SAINT JOSEPH,845,170,1512,55.886243386243386,11.243386243386242
2020,SAVELAND PARK,16,10,134,11.940298507462686,7.462686567164178
2020,SERVITE WOODS,31,12,344,9.011627906976743,3.488372093023256
2020,SHERMAN PARK,990,182,1660,59.63855421686747,10.963855421686747
2020,SILVER CITY,194,61,848,22.87735849056604,7.193396226415095
2020,SILVER SPRING,597,148,2723,21.92434814542784,5.435181784796181
2020,SILVER SWAN,98,50,883,11.098527746319366,5.662514156285391
2020,SOUTHGATE,56,18,515,10.87378640776699,3.4951456310679614
2020,SOUTHPOINT,68,26,927,7.335490830636461,2.8047464940668827
2020,ST. AMELIAN'S,87,43,334,26.047904191616766,12.874251497005988
2020,STORY HILL,61,25,347,17.579250720461097,7.204610951008646
2020,SUNSET HEIGHTS,266,63,694,38.328530259366,9.077809798270893
2020,THE VALLEY / PIGSVILLE,74,20,134,55.223880597014926,14.925373134328357
2020,THURSTON WOODS,239,63,978,24.437627811860942,6.441717791411043
2020,TIMMERMAN AIRPORT,1,1,161,0.6211180124223602,0.6211180124223602
2020,TIMMERMAN WEST,103,35,1351,7.623982235381199,2.5906735751295336
2020,TIPPECANOE,94,32,693,13.564213564213565,4.617604617604617
2020,TOWN & COUNTRY MANOR,89,30,605,14.710743801652892,4.958677685950414
2020,TOWN OF LAKE,113,46,574,19.686411149825783,8.013937282229964
2020,TRIANGLE,16,5,91,17.582417582417584,5.4945054945054945
2020,TRIANGLE NORTH,158,24,452,34.95575221238938,5.3097345132743365
2020,TRIPOLI PARK,81,21,289,28.027681660899656,7.26643598615917
2020,UPPER EAST SIDE,61,17,908,6.71806167400881,1.8722466960352422
2020,UPTOWN,736,137,1487,49.49562878278413,9.213180901143241
2020,VALHALLA,147,56,1104,13.31521739130435,5.072463768115942
2020,VALLEY FORGE,1,1,54,1.8518518518518516,1.8518518518518516
2020,VOGEL PARK,37,18,740,5,2.4324324324324325
2020,WAHL PARK,135,34,603,22.388059701492537,5.638474295190713
2020,WALKER'S POINT,419,143,3346,12.522414823670053,4.273759713090257
2020,WALNUT HILL,249,48,585,42.56410256410256,8.205128205128204
2020,WASHINGTON HEIGHTS,379,83,1049,36.129647283126786,7.912297426120114
2020,WASHINGTON PARK,614,104,1315,46.69201520912548,7.908745247148288
2020,WEDGEWOOD,197,52,240,82.08333333333333,21.666666666666668
2020,WEST VIEW,86,27,410,20.975609756097562,6.585365853658537
2020,WHISPERING HILLS,2,2,41,4.878048780487805,4.878048780487805
2020,WHITE MANOR,53,22,280,18.928571428571427,7.857142857142857
2020,WICK FIELD,15,6,203,7.389162561576355,2.955665024630542
2020,WILLIAMSBURG,536,62,604,88.74172185430463,10.264900662251655
2020,WILSON PARK,96,35,564,17.02127659574468,6.205673758865248
2020,WOODLAND COURT,9,6,344,2.616279069767442,1.744186046511628
2020,WYRICK PARK,13,2,579,2.2452504317789295,0.3454231433506045
2020,YANKEE HILL,75,30,2414,3.1068765534382767,1.2427506213753108
2021,ALCOTT PARK,13,6,57,22.807017543859647,10.526315789473683
2021,ALVERNO,45,19,286,15.734265734265735,6.643356643356643
2021,ARLINGTON GARDENS,100,38,368,27.173913043478258,10.326086956521738
2021,ARLINGTON HEIGHTS,1121,143,1191,94.12258606213267,12.00671704450042
2021,AVENUES WEST,408,176,4950,8.242424242424242,3.5555555555555554
2021,BARAN PARK,31,8,51,60.78431372549019,15.686274509803921
2021,BAY VIEW,293,124,4335,6.7589388696655135,2.8604382929642442
2021,BLUEMOUND HEIGHTS,166,78,677,24.519940915805023,11.521418020679468
2021,BORCHERT FIELD,584,110,979,59.652706843718086,11.235955056179774
2021,BRADLEY ESTATES,45,16,774,5.813953488372093,2.0671834625323
2021,BREWER'S HILL,152,46,1054,14.421252371916509,4.364326375711575
2021,BRYNWOOD,40,4,5,800,80
2021,BURNHAM PARK,188,86,1033,18.19941916747338,8.325266214908035
2021,CALUMET FARMS,76,26,716,10.614525139664805,3.6312849162011176
2021,CAMBRIDGE HEIGHTS,73,34,887,8.229988726042842,3.8331454340473505
2021,CANNON PARK,94,40,635,14.803149606299213,6.299212598425196
2021,CAPITOL HEIGHTS,174,59,886,19.63882618510158,6.659142212189615
2021,CASTLE MANOR,68,27,967,7.0320579110651495,2.792140641158221
2021,CLARKE SQUARE,632,214,1825,34.630136986301366,11.726027397260275
2021,CLAYTON CREST,21,11,43,48.837209302325576,25.581395348837212
2021,CLOCK TOWER ACRES,50,24,427,11.7096018735363,5.620608899297424
2021,COLD SPRING PARK,322,77,1061,30.348727615457115,7.257304429783224
2021,COLLEGE HEIGHTS,15,7,19,78.94736842105263,36.84210526315789
2021,COLUMBUS PARK,205,86,706,29.036827195467424,12.181303116147308
2021,CONCORDIA,502,131,1825,27.506849315068493,7.178082191780821
2021,COOPER PARK,109,48,481,22.66112266112266,9.97920997920998
2021,COPERNICUS PARK,4,3,38,10.526315789473683,7.894736842105263
2021,DINEEN PARK,167,82,1155,14.45887445887446,7.0995670995671
2021,DOWNER WOODS,51,20,417,12.23021582733813,4.796163069544365
2021,ENDERIS PARK,169,68,719,23.504867872044507,9.457579972183588
2021,ESTABROOK PARK,4,2,379,1.0554089709762533,0.5277044854881267
2021,EUCLID PARK,75,31,598,12.54180602006689,5.183946488294314
2021,FAIR PARK,34,14,227,14.977973568281937,6.167400881057269
2021,FAIRFIELD,74,28,686,10.787172011661808,4.081632653061225
2021,FAIRVIEW,195,85,343,56.85131195335277,24.78134110787172
2021,FERNWOOD,30,19,454,6.607929515418502,4.185022026431718
2021,FLORIST HIGHLANDS,6,4,203,2.955665024630542,1.9704433497536946
2021,FOREST HOME HILLS,347,97,858,40.442890442890445,11.305361305361306
2021,FRANKLIN HEIGHTS,1002,216,2146,46.69151910531221,10.065237651444548
2021,GARDEN HOMES,390,82,693,56.27705627705628,11.832611832611832
2021,GOLDEN GATE,10,9,13,76.92307692307693,69.23076923076923
2021,GOLDEN VALLEY,98,42,323,30.340557275541798,13.003095975232199
2021,GOLDMAN PARK,53,24,223,23.766816143497756,10.762331838565023
2021,GRA-RAM,105,32,405,25.925925925925924,7.901234567901234
2021,GRACELAND,85,33,388,21.90721649484536,8.505154639175258
2021,GRANTOSA,173,80,606,28.54785478547855,13.2013201320132
2021,GRANVILLE STATION,40,12,689,5.805515239477503,1.741654571843251
2021,GRASSLYN MANOR,185,63,869,21.288837744533947,7.249712313003452
2021,GREEN MOOR,11,8,19,57.89473684210527,42.10526315789473
2021,GROVER HEIGHTS,99,17,91,108.79120879120879,18.681318681318682
2021,HALYARD PARK,69,25,267,25.842696629213485,9.363295880149813
2021,HAMPTON HEIGHTS,445,148,1436,30.98885793871866,10.30640668523677
2021,HARAMBEE,1667,367,3354,49.70184853905784,10.942158616577222
2021,HARBOR VIEW,30,12,582,5.154639175257731,2.0618556701030926
2021,HARDER'S OAKS,8,4,13,61.53846153846154,30.76923076923077
2021,HAVENWOODS,35,6,89,39.325842696629216,6.741573033707865
2021,HAWLEY FARMS,48,23,229,20.96069868995633,10.043668122270741
2021,HAWTHORNE GLEN,16,4,69,23.18840579710145,5.797101449275362
2021,HAYMARKET,20,12,159,12.578616352201259,7.547169811320755
2021,HERITAGE HEIGHTS,9,5,16,56.25,31.25
2021,HIGHWOOD ESTATES,98,45,627,15.629984051036683,7.177033492822966
2021,HILLSIDE,74,25,544,13.602941176470587,4.595588235294118
2021,HISTORIC MITCHELL STREET,823,250,2668,30.847076461769113,9.37031484257871
2021,HISTORIC THIRD WARD,17,12,1115,1.5246636771300448,1.0762331838565022
2021,HOLLER PARK,29,8,38,76.31578947368422,21.052631578947366
2021,HONEY CREEK MANOR,69,30,406,16.995073891625616,7.389162561576355
2021,HONEY CREEK PARKWAY,59,24,234,25.213675213675213,10.256410256410255
2021,JACKSON PARK,244,114,1378,17.706821480406386,8.272859216255442
2021,JOHNSON'S WOODS,207,83,594,34.84848484848485,13.973063973063974
2021,JUNEAU TOWN,25,19,3113,0.8030838419530999,0.610343719884356
2021,KILBOURN TOWN,50,31,2666,1.8754688672168043,1.1627906976744187
2021,KING PARK,48,21,801,5.992509363295881,2.6217228464419478
2021,KOPS PARK,61,29,297,20.53872053872054,9.764309764309765
2021,LAYTON PARK,262,105,921,28.447339847991316,11.400651465798045
2021,LENOX HEIGHTS,114,45,403,28.287841191067,11.166253101736972
2021,LINCOLN CREEK,352,95,1142,30.823117338003502,8.318739054290718
2021,LINCOLN PARK,339,90,1302,26.036866359447004,6.912442396313365
2021,LINCOLN VILLAGE,767,264,2436,31.486042692939243,10.83743842364532
2021,LINDSAY PARK,258,80,990,26.060606060606062,8.080808080808081
2021,LITTLE MENOMONEE PARKWAY,19,14,179,10.614525139664805,7.82122905027933
2021,LONG VIEW,382,148,540,70.74074074074073,27.40740740740741
2021,LOWER EAST SIDE,441,186,8583,5.138063614120936,2.167074449493184
2021,LYONS PARK,57,23,140,40.714285714285715,16.428571428571427
2021,MACK ACRES,2,1,3,66.66666666666666,33.33333333333333
2021,MAITLAND PARK,61,26,198,30.808080808080806,13.131313131313133
2021,MAPLE TREE,142,37,668,21.25748502994012,5.538922155688622
2021,MARQUETTE,2,1,295,0.6779661016949152,0.3389830508474576
2021,MARTIN DRIVE,203,50,465,43.655913978494624,10.75268817204301
2021,MC GOVERN PARK,159,45,586,27.13310580204778,7.679180887372014
2021,MELODY VIEW,20,6,165,12.121212121212121,3.6363636363636362
2021,MENOMONEE RIVER HILLS,294,154,1436,20.473537604456823,10.724233983286908
2021,MENOMONEE RIVER HILLS EAST,106,50,473,22.41014799154334,10.570824524312897
2021,MENOMONEE RIVER PARKWAY,7,3,76,9.210526315789473,3.9473684210526314
2021,MENOMONEE RIVER VALLEY,4,2,128,3.125,1.5625
2021,MERRILL PARK,400,112,1159,34.51251078515962,9.663503019844693
2021,METCALFE PARK,239,50,729,32.78463648834019,6.858710562414267
2021,MIDTOWN,488,117,1688,28.90995260663507,6.93127962085308
2021,MILL VALLEY,6,4,50,12,8
2021,MILLER VALLEY,122,26,377,32.360742705570296,6.896551724137931
2021,MITCHELL FIELD,12,1,71,16.901408450704224,1.4084507042253522
2021,MITCHELL PARK,8,4,175,4.571428571428571,2.2857142857142856
2021,MITCHELL WEST,191,67,569,33.567662565905096,11.775043936731107
2021,MORGAN HEIGHTS,61,21,278,21.942446043165468,7.553956834532374
2021,MORGANDALE,273,147,835,32.69461077844311,17.604790419161674
2021,MOUNT MARY,42,20,137,30.656934306569344,14.5985401459854
2021,MOUNT OLIVET,2,1,11,18.181818181818183,9.090909090909092
2021,MURRAY HILL,133,62,3160,4.208860759493671,1.9620253164556962
2021,MUSKEGO WAY,759,241,2416,31.415562913907287,9.975165562913906
2021,NASH PARK,102,41,398,25.628140703517587,10.301507537688442
2021,NATIONAL PARK,166,43,572,29.02097902097902,7.517482517482517
2021,NEW COELN,2,1,21,9.523809523809524,4.761904761904762
2021,NORTH DIVISION,975,215,1952,49.94877049180328,11.014344262295083
2021,NORTH MEADOWS,68,27,1289,5.275407292474787,2.094647013188518
2021,NORTHPOINT,46,30,1414,3.253182461103253,2.1216407355021216
2021,NORTHRIDGE,79,25,547,14.442413162705666,4.570383912248629
2021,NORTHRIDGE LAKES,14,8,1099,1.2738853503184715,0.7279344858962694
2021,OLD NORTH MILWAUKEE,1613,354,3801,42.43620099973691,9.31333859510655
2021,PARK KNOLL,20,13,53,37.735849056603776,24.528301886792452
2021,PARK PLACE,3,2,7,42.857142857142854,28.57142857142857
2021,PARK VIEW,10,5,36,27.77777777777778,13.88888888888889
2021,PARK WEST,835,170,1585,52.6813880126183,10.725552050473187
2021,PARKWAY HILLS,31,10,195,15.897435897435896,5.128205128205128
2021,PHEASANT RUN,26,11,176,14.772727272727273,6.25
2021,POLLBER HEIGHTS,18,10,138,13.043478260869565,7.246376811594203
2021,POLONIA,246,104,824,29.85436893203883,12.62135922330097
2021,RED OAK HEIGHTS,5,3,18,27.77777777777778,16.666666666666664
2021,RIDGEVIEW,3,3,21,14.285714285714285,14.285714285714285
2021,RIVER BEND,76,35,228,33.33333333333333,15.350877192982457
2021,RIVERSIDE PARK,23,12,557,4.129263913824058,2.154398563734291
2021,RIVERTON HEIGHTS,2,2,149,1.342281879194631,1.342281879194631
2021,RIVERWEST,898,278,3950,22.734177215189874,7.037974683544304
2021,ROLLING GREEN,58,25,429,13.51981351981352,5.827505827505827
2021,ROOSEVELT GROVE,437,104,1259,34.71008737092931,8.260524225575853
2021,ROOT CREEK,76,30,391,19.437340153452684,7.672634271099745
2021,RUFUS KING,1017,149,1115,91.21076233183857,13.363228699551568
2021,SAINT JOSEPH,855,178,1471,58.12372535690007,12.100611828687967
2021,SAVELAND PARK,21,8,134,15.671641791044777,5.970149253731343
2021,SERVITE WOODS,19,10,343,5.539358600583091,2.9154518950437316
2021,SHERMAN PARK,864,231,1658,52.11097708082026,13.932448733413752
2021,SILVER CITY,289,108,826,34.987893462469735,13.075060532687651
2021,SILVER SPRING,650,183,2705,24.029574861367838,6.765249537892791
2021,SILVER SWAN,128,52,872,14.678899082568808,5.963302752293578
2021,SOUTHGATE,53,23,501,10.578842315369261,4.590818363273453
2021,SOUTHPOINT,74,27,920,8.043478260869565,2.9347826086956523
2021,ST. AMELIAN'S,52,20,336,15.476190476190476,5.952380952380952
2021,STORY HILL,75,26,341,21.994134897360702,7.624633431085044
2021,SUNSET HEIGHTS,286,80,676,42.30769230769231,11.834319526627219
2021,THE VALLEY / PIGSVILLE,85,21,135,62.96296296296296,15.555555555555555
2021,THURSTON WOODS,215,71,955,22.5130890052356,7.43455497382199
2021,TIMMERMAN AIRPORT,8,6,161,4.968944099378882,3.7267080745341614
2021,TIMMERMAN WEST,83,40,1340,6.1940298507462686,2.9850746268656714
2021,TIPPECANOE,78,39,673,11.589895988112927,5.794947994056463
2021,TOWN & COUNTRY MANOR,102,43,608,16.776315789473685,7.072368421052631
2021,TOWN OF LAKE,96,47,566,16.96113074204947,8.303886925795052
2021,TRIANGLE,65,17,91,71.42857142857143,18.681318681318682
2021,TRIANGLE NORTH,158,41,456,34.64912280701755,8.991228070175438
2021,TRIPOLI PARK,39,18,284,13.732394366197184,6.338028169014084
2021,UPPER EAST SIDE,42,24,897,4.682274247491638,2.6755852842809364
2021,UPTOWN,596,123,1477,40.352064996614764,8.32769126607989
2021,VALHALLA,198,84,1097,18.04922515952598,7.657247037374658
2021,VOGEL PARK,78,38,736,10.597826086956522,5.163043478260869
2021,WAHL PARK,238,57,601,39.60066555740433,9.484193011647255
2021,WALKER'S POINT,492,215,3415,14.407027818448023,6.295754026354319
2021,WALNUT HILL,423,63,575,73.56521739130434,10.956521739130434
2021,WASHINGTON HEIGHTS,372,93,1024,36.328125,9.08203125
2021,WASHINGTON PARK,744,146,1325,56.15094339622642,11.018867924528301
2021,WEDGEWOOD,64,22,239,26.778242677824267,9.205020920502092
2021,WEST VIEW,63,35,414,15.217391304347828,8.454106280193237
2021,WHISPERING HILLS,12,3,46,26.08695652173913,6.521739130434782
2021,WHITE MANOR,37,20,266,13.909774436090224,7.518796992481203
2021,WICK FIELD,23,7,203,11.330049261083744,3.4482758620689653
2021,WILLIAMSBURG,388,79,596,65.1006711409396,13.25503355704698
2021,WILSON PARK,86,45,561,15.32976827094474,8.0213903743315509
2021,WOODLAND COURT,14,8,346,4.046242774566474,2.312138728323699
2021,WYRICK PARK,29,11,580,5,1.896551724137931
2021,YANKEE HILL,37,19,2398,1.542952460383653,0.79232693911593
2022,ALCOTT PARK,7,5,57,12.280701754385964,8.771929824561402
2022,ALVERNO,37,11,287,12.89198606271777,3.8327526132404177
2022,ARLINGTON GARDENS,103,32,369,27.91327913279133,8.672086720867208
2022,ARLINGTON HEIGHTS,567,121,1196,47.408026755852845,10.117056856187292
2022,AVENUES WEST,449,188,4950,9.070707070707071,3.797979797979798
2022,BARAN PARK,22,7,50,44,14.000000000000002
2022,BAY VIEW,292,135,4288,6.809701492537314,3.148320895522388
2022,BLUEMOUND HEIGHTS,141,51,662,21.299093655589125,7.7039274924471295
2022,BORCHERT FIELD,425,80,977,43.50051177072671,8.188331627430912
2022,BRADLEY ESTATES,57,25,756,7.5396825396825395,3.3068783068783065
2022,BREWER'S HILL,90,32,1054,8.538899430740038,3.0360531309297913
2022,BRYNWOOD,7,4,5,140,80
2022,BURNHAM PARK,296,85,1081,27.382053654024052,7.863089731729881
2022,CALUMET FARMS,64,21,711,9.0014064697609,2.9535864978902953
2022,CAMBRIDGE HEIGHTS,27,15,881,3.064699205448354,1.70261066969353
2022,CANNON PARK,86,30,643,13.374805598755831,4.665629860031104
2022,CAPITOL HEIGHTS,308,95,877,35.11972633979475,10.832383124287343
2022,CASTLE MANOR,111,42,964,11.514522821576763,4.356846473029045
2022,CLARKE SQUARE,543,180,1817,29.884424876169508,9.906439185470555
2022,CLAYTON CREST,38,14,44,86.36363636363636,31.818181818181817
2022,CLOCK TOWER ACRES,30,13,428,7.009345794392523,3.0373831775700935
2022,COLD SPRING PARK,299,89,1062,28.15442561205273,8.380414312617702
2022,COLLEGE HEIGHTS,15,2,14,107.14285714285714,14.285714285714285
2022,COLUMBUS PARK,305,95,690,44.20289855072464,13.768115942028986
2022,CONCORDIA,681,170,1827,37.274220032840724,9.30487137383689
2022,COOPER PARK,150,57,466,32.18884120171674,12.231759656652361
2022,COPERNICUS PARK,1,1,35,2.857142857142857,2.857142857142857
2022,DINEEN PARK,288,117,1148,25.087108013937282,10.19163763066202
2022,DOWNER WOODS,45,22,407,11.056511056511056,5.405405405405405
2022,DRETZKA PARK,11,5,102,10.784313725490197,4.901960784313726
2022,ENDERIS PARK,248,88,706,35.12747875354108,12.464589235127479
2022,ESTABROOK PARK,6,6,378,1.5873015873015872,1.5873015873015872
2022,EUCLID PARK,58,23,598,9.698996655518394,3.8461538461538463
2022,FAIR PARK,36,13,220,16.363636363636363,5.909090909090909
2022,FAIRFIELD,60,15,683,8.784773060029282,2.1961932650073206
2022,FAIRVIEW,157,59,328,47.86585365853659,17.98780487804878
2022,FERNWOOD,41,23,458,8.951965065502183,5.021834061135371
2022,FLORIST HIGHLANDS,13,7,196,6.63265306122449,3.571428571428571
2022,FOREST HOME HILLS,261,65,873,29.896907216494846,7.445589919816724
2022,FRANKLIN HEIGHTS,1204,199,2148,56.052141527001865,9.264432029795158
2022,GARDEN HOMES,107,30,685,15.62043795620438,4.37956204379562
2022,GOLDEN GATE,16,10,10,160,100
2022,GOLDEN VALLEY,62,22,310,20,7.096774193548387
2022,GOLDMAN PARK,44,12,217,20.276497695852534,5.529953917050691
2022,GRA-RAM,86,32,402,21.393034825870647,7.960199004975125
2022,GRACELAND,139,27,384,36.19791666666667,7.03125
2022,GRANTOSA,102,37,601,16.97171381031614,6.156405990016639
2022,GRANVILLE STATION,52,16,676,7.6923076923076925,2.366863905325444
2022,GRASSLYN MANOR,235,60,833,28.211284513805523,7.202881152460984
2022,GREEN MOOR,10,6,22,45.45454545454545,27.27272727272727
2022,GROVER HEIGHTS,36,6,91,39.56043956043956,6.593406593406594
2022,HALYARD PARK,34,17,267,12.734082397003746,6.367041198501873
2022,HAMPTON HEIGHTS,401,105,1404,28.561253561253565,7.478632478632479
2022,HARAMBEE,1635,371,3308,49.425634824667476,11.215235792019348
2022,HARBOR VIEW,30,15,579,5.181347150259067,2.5906735751295336
2022,HARDER'S OAKS,10,6,13,76.92307692307693,46.15384615384615
2022,HAVENWOODS,6,5,87,6.896551724137931,5.747126436781609
2022,HAWLEY FARMS,39,15,231,16.883116883116884,6.493506493506493
2022,HAWTHORNE GLEN,11,6,70,15.714285714285714,8.571428571428571
2022,HAYMARKET,5,4,159,3.1446540880503147,2.515723270440252
2022,HERITAGE HEIGHTS,7,3,15,46.666666666666664,20
2022,HIGHWOOD ESTATES,89,38,630,14.126984126984127,6.031746031746032
2022,HILLSIDE,10,7,545,1.834862385321101,1.2844036697247707
2022,HISTORIC MITCHELL STREET,871,238,2655,32.8060263653484,8.964218455743879
2022,HISTORIC THIRD WARD,27,19,1107,2.4390243902439024,1.7163504968383017
2022,HOLLER PARK,3,3,37,8.108108108108109,8.108108108108109
2022,HONEY CREEK MANOR,42,23,396,10.606060606060606,5.808080808080808
2022,HONEY CREEK PARKWAY,22,14,233,9.44206008583691,6.008583690987124
2022,JACKSON PARK,285,112,1346,21.173848439821693,8.320950965824665
2022,JOHNSON'S WOODS,156,55,594,26.262626262626267,9.25925925925926
2022,JUNEAU TOWN,108,51,3152,3.4263959390862944,1.618020304568528
2022,KILBOURN TOWN,89,37,2752,3.234011627906977,1.3444767441860466
2022,KING PARK,79,26,802,9.850374064837904,3.2418952618453867
2022,KOPS PARK,40,20,287,13.937282229965156,6.968641114982578
2022,LAND BANK,8,4,10,80,40
2022,LAYTON PARK,175,74,919,19.042437431991292,8.052230685527748
2022,LENOX HEIGHTS,130,45,392,33.16326530612245,11.479591836734695
2022,LINCOLN CREEK,334,92,1144,29.195804195804197,8.041958041958042
2022,LINCOLN PARK,255,53,1284,19.859813084112147,4.127725856697819
2022,LINCOLN VILLAGE,661,218,2420,27.31404958677686,9.008264462809917
2022,LINDSAY PARK,276,94,965,28.601036269430054,9.740932642487046
2022,LITTLE MENOMONEE PARKWAY,17,8,179,9.497206703910614,4.4692737430167595
2022,LONG VIEW,123,40,528,23.295454545454543,7.575757575757576
2022,LOWER EAST SIDE,622,281,8520,7.300469483568076,3.2981220657276995
2022,LYONS PARK,34,14,142,23.943661971830984,9.859154929577464
2022,MACK ACRES,4,2,2,200,100
2022,MAITLAND PARK,9,5,194,4.639175257731959,2.5773195876288657
2022,MAPLE TREE,109,25,665,16.390977443609025,3.7593984962406015
2022,MARQUETTE,5,3,295,1.694915254237288,1.0169491525423728
2022,MARTIN DRIVE,199,60,449,44.32071269487751,13.3630289532294
2022,MC GOVERN PARK,189,49,570,33.1578947368421,8.596491228070176
2022,MELODY VIEW,6,3,168,3.571428571428571,1.7857142857142856
2022,MENOMONEE RIVER HILLS,344,101,1412,24.362606232294617,7.152974504249292
2022,MENOMONEE RIVER HILLS EAST,111,42,471,23.56687898089172,8.9171974522293
2022,MENOMONEE RIVER PARKWAY,22,6,79,27.848101265822784,7.59493670886076
2022,MENOMONEE RIVER VALLEY,1,1,130,0.7692307692307693,0.7692307692307693
2022,MERRILL PARK,464,128,1156,40.13840830449827,11.072664359861593
2022,METCALFE PARK,373,67,729,51.16598079561042,9.190672153635116
2022,MIDTOWN,509,139,1664,30.588942307692307,8.353365384615383
2022,MILL VALLEY,4,4,48,8.333333333333332,8.333333333333332
2022,MILLER VALLEY,107,22,368,29.076086956521742,5.978260869565218
2022,MITCHELL FIELD,1,1,71,1.4084507042253522,1.4084507042253522
2022,MITCHELL PARK,5,3,175,2.857142857142857,1.7142857142857144
2022,MITCHELL WEST,108,41,576,18.75,7.118055555555555
2022,MORGAN HEIGHTS,31,19,283,10.954063604240282,6.713780918727916
2022,MORGANDALE,166,92,812,20.44334975369458,11.330049261083744
2022,MOUNT MARY,23,12,132,17.424242424242426,9.090909090909092
2022,MOUNT OLIVET,1,1,9,11.11111111111111,11.11111111111111
2022,MURRAY HILL,93,46,3127,2.9740965781899584,1.4710585225455708
2022,MUSKEGO WAY,632,162,2405,26.278586278586282,6.735966735966736
2022,NASH PARK,131,54,389,33.67609254498715,13.881748071979436
2022,NATIONAL PARK,190,38,573,33.1588132635253,6.631762652705062
2022,NEW COELN,16,7,18,88.88888888888889,38.88888888888889
2022,NORTH DIVISION,933,199,1955,47.723785166240404,10.179028132992327
2022,NORTH GRANVILLE,4,2,11,36.36363636363637,18.181818181818183
2022,NORTH MEADOWS,82,29,1282,6.3962558502340086,2.2620904836193447
2022,NORTHPOINT,80,48,1414,5.657708628005658,3.3946251768033946
2022,NORTHRIDGE,97,20,549,17.66848816029144,3.642987249544627
2022,NORTHRIDGE LAKES,77,19,1096,7.025547445255474,1.7335766423357664
2022,OLD NORTH MILWAUKEE,1585,346,3772,42.02014846235419,9.172852598091199
2022,PARK KNOLL,7,5,49,14.285714285714285,10.204081632653061
2022,PARK PLACE,13,5,7,185.71428571428572,71.42857142857143
2022,PARK VIEW,27,12,37,72.97297297297297,32.432432432432435
2022,PARK WEST,659,155,1608,40.982587064676615,9.639303482587065
2022,PARKWAY HILLS,9,5,194,4.639175257731959,2.5773195876288657
2022,PHEASANT RUN,31,14,169,18.34319526627219,8.284023668639055
2022,POLLBER HEIGHTS,41,13,138,29.71014492753623,9.420289855072465
2022,POLONIA,235,81,806,29.156327543424315,10.049627791563276
2022,RED OAK HEIGHTS,11,5,18,61.111111111111114,27.77777777777778
2022,RIVER BEND,76,29,224,33.92857142857143,12.946428571428573
2022,RIVERSIDE PARK,51,20,549,9.289617486338798,3.642987249544627
2022,RIVERTON HEIGHTS,3,2,146,2.054794520547945,1.36986301369863
2022,RIVERWEST,775,255,3896,19.892197125256676,6.5451745379876805
2022,ROLLING GREEN,56,28,431,12.993039443155451,6.496519721577726
2022,ROOSEVELT GROVE,499,129,1229,40.60211554109031,10.496338486574452
2022,ROOT CREEK,59,28,389,15.167095115681233,7.197943444730077
2022,RUFUS KING,374,79,1102,33.938294010889294,7.168784029038113
2022,SAINT JOSEPH,696,159,1434,48.53556485355649,11.08786610878661
2022,SAVELAND PARK,4,3,126,3.1746031746031744,2.380952380952381
2022,SERVITE WOODS,65,17,339,19.174041297935105,5.014749262536873
2022,SHERMAN PARK,1050,231,1826,57.50273822562979,12.650602409638553
2022,SILVER CITY,286,109,837,34.16965352449223,13.022700119474312
2022,SILVER SPRING,676,191,2659,25.42309138773975,7.1831515607371195
2022,SILVER SWAN,142,64,863,16.45422943221321,7.415990730011587
2022,SOUTHGATE,26,9,497,5.23138832997988,1.8108651911468814
2022,SOUTHPOINT,65,22,926,7.019438444924406,2.375809935205184
2022,ST. AMELIAN'S,70,25,342,20.46783625730994,7.309941520467836
2022,STORY HILL,53,26,336,15.773809523809524,7.738095238095238
2022,SUNSET HEIGHTS,211,66,648,32.56172839506173,10.185185185185185
2022,THE VALLEY / PIGSVILLE,53,19,139,38.1294964028777,13.66906474820144
2022,THURSTON WOODS,280,78,953,29.38090241343127,8.184679958027283
2022,TIMMERMAN AIRPORT,27,12,160,16.875,7.5
2022,TIMMERMAN WEST,108,41,1306,8.269525267993874,3.139356814701378
2022,TIPPECANOE,55,29,669,8.221225710014949,4.334828101644246
2022,TOWN & COUNTRY MANOR,68,24,602,11.295681063122924,3.9867109634551494
2022,TOWN OF LAKE,44,26,547,8.043875685557587,4.753199268738574
2022,TRIANGLE,38,13,90,42.22222222222222,14.444444444444443
2022,TRIANGLE NORTH,151,42,454,33.259911894273124,9.251101321585903
2022,TRIPOLI PARK,56,22,283,19.78798586572438,7.773851590106007
2022,UPPER EAST SIDE,81,37,898,9.020044543429844,4.120267260579064
2022,UPTOWN,789,149,1448,54.488950276243095,10.290055248618785
2022,VALHALLA,330,141,1196,27.591973244147155,11.789297658862877
2022,VOGEL PARK,82,27,733,11.186903137789903,3.6834924965893587
2022,WAHL PARK,182,45,597,30.485762144053602,7.537688442211055
2022,WALKER'S POINT,484,187,3752,12.899786780383796,4.984008528784648
2022,WALNUT HILL,124,54,579,21.416234887737478,9.32642487046632
2022,WASHINGTON HEIGHTS,383,127,1013,37.80848963474827,12.537018756169793
2022,WASHINGTON PARK,805,151,1331,60.480841472577005,11.344853493613824
2022,WEDGEWOOD,66,34,236,27.966101694915253,14.40677966101695
2022,WEST VIEW,24,10,412,5.825242718446602,2.4271844660194173
2022,WHITE MANOR,51,21,273,18.681318681318682,7.6923076923076925
2022,WICK FIELD,51,20,202,25.247524752475247,9.900990099009901
2022,WILLIAMSBURG,284,63,597,47.571189279731996,10.552763819095476
2022,WILSON PARK,83,37,565,14.690265486725664,6.548672566371681
2022,WOODLAND COURT,8,3,347,2.3054755043227666,0.8645533141210375
2022,WYRICK PARK,24,11,578,4.1522491349480966,1.9031141868512111
2022,YANKEE HILL,73,43,2394,3.0492898913951545,1.7961570593149538
2023,ALCOTT PARK,19,8,49,38.775510204081634,16.3265306122449
2023,ALVERNO,75,31,285,26.31578947368421,10.87719298245614
2023,ARLINGTON GARDENS,82,35,367,22.3433242506812,9.536784741144414
2023,ARLINGTON HEIGHTS,796,184,1189,66.94701429772918,15.47518923465097
2023,AVENUES WEST,388,160,4942,7.851072440307568,3.2375556454876566
2023,BARAN PARK,9,5,51,17.647058823529413,9.803921568627452
2023,BAY VIEW,463,205,4320,10.717592592592592,4.74537037037037
2023,BLUEMOUND HEIGHTS,105,57,664,15.813253012048193,8.58433734939759
2023,BORCHERT FIELD,832,164,960,86.66666666666667,17.083333333333332
2023,BRADLEY ESTATES,63,22,736,8.559782608695652,2.989130434782609
2023,BREWER'S HILL,102,48,1057,9.649952696310313,4.541154210028382
2023,BRYNWOOD,3,1,5,60,20
2023,BURNHAM PARK,269,90,1076,25,8.364312267657994
2023,CALUMET FARMS,58,24,706,8.21529745042493,3.39943342776204
2023,CAMBRIDGE HEIGHTS,85,46,880,9.659090909090908,5.227272727272727
2023,CANNON PARK,50,27,644,7.763975155279502,4.192546583850932
2023,CAPITOL HEIGHTS,177,62,869,20.368239355581128,7.13463751438435
2023,CASTLE MANOR,132,48,963,13.707165109034266,4.984423676012461
2023,CLARKE SQUARE,1022,235,1833,55.755591925804694,12.82051282051282
2023,CLAYTON CREST,29,15,41,70.73170731707317,36.58536585365854
2023,CLOCK TOWER ACRES,46,28,431,10.672853828306264,6.496519721577726
2023,COLD SPRING PARK,189,69,1063,17.77986829727187,6.491063029162747
2023,COLLEGE HEIGHTS,8,4,12,66.66666666666666,33.33333333333333
2023,COLUMBUS PARK,277,92,693,39.97113997113997,13.275613275613276
2023,CONCORDIA,323,116,1826,17.68893756845564,6.352683461117197
2023,COOPER PARK,108,55,465,23.225806451612904,11.827956989247312
2023,COPERNICUS PARK,24,10,37,64.86486486486487,27.027027027027028
2023,DINEEN PARK,203,104,1140,17.80701754385965,9.12280701754386
2023,DOWNER WOODS,45,20,400,11.25,5
2023,DRETZKA PARK,20,7,95,21.052631578947366,7.368421052631578
2023,ENDERIS PARK,261,105,710,36.76056338028169,14.788732394366196
2023,ESTABROOK PARK,10,6,378,2.6455026455026456,1.5873015873015872
2023,EUCLID PARK,33,17,593,5.564924114671164,2.866779089376054
2023,FAIR PARK,28,15,213,13.145539906103288,7.042253521126761
2023,FAIRFIELD,112,37,681,16.44640234948605,5.4331864904552125
2023,FAIRVIEW,114,53,324,35.18518518518518,16.358024691358025
2023,FERNWOOD,45,24,464,9.698275862068966,5.172413793103448
2023,FLORIST HIGHLANDS,35,19,200,17.5,9.5
2023,FOREST HOME HILLS,601,150,870,69.08045977011494,17.24137931034483
2023,FRANKLIN HEIGHTS,1418,257,2139,66.29266012155213,12.014960261804582
2023,FREEDOM VILLAGE,6,3,175,3.428571428571429,1.7142857142857144
2023,GARDEN HOMES,405,95,677,59.822747415066466,14.032496307237812
2023,GOLDEN GATE,18,12,13,138.46153846153845,92.3076923076923
2023,GOLDEN VALLEY,102,48,297,34.34343434343434,16.161616161616163
2023,GOLDMAN PARK,54,23,218,24.770642201834864,10.550458715596331
2023,GRA-RAM,96,47,404,23.762376237623762,11.633663366336634
2023,GRACELAND,110,30,375,29.333333333333332,8
2023,GRANTOSA,111,52,606,18.316831683168317,8.58085808580858
2023,GRANVILLE STATION,46,17,676,6.8047337278106506,2.514792899408284
2023,GRASSLYN MANOR,315,91,805,39.130434782608695,11.304347826086957
2023,GREEN MOOR,4,2,25,16,8
2023,GROVER HEIGHTS,78,15,92,84.78260869565217,16.304347826086957
2023,HALYARD PARK,51,22,267,19.101123595505616,8.239700374531834
2023,HAMPTON HEIGHTS,395,115,1382,28.58176555716353,8.321273516642547
2023,HARAMBEE,2124,500,3330,63.78378378378379,15.015015015015015
2023,HARBOR VIEW,24,12,585,4.102564102564102,2.051282051282051
2023,HARDER'S OAKS,11,7,13,84.61538461538461,53.84615384615385
2023,HAVENWOODS,37,7,83,44.57831325301205,8.433734939759036
2023,HAWLEY FARMS,52,21,230,22.608695652173914,9.130434782608695
2023,HAWTHORNE GLEN,18,7,69,26.08695652173913,10.144927536231885
2023,HAYMARKET,43,16,159,27.044025157232703,10.062893081761008
2023,HERITAGE HEIGHTS,4,3,14,28.57142857142857,21.428571428571427
2023,HIGHWOOD ESTATES,89,38,627,14.19457735247209,6.0606060606060606
2023,HILLSIDE,4,3,546,0.7326007326007326,0.5494505494505495
2023,HISTORIC MITCHELL STREET,873,303,2666,32.7456864216054,11.365341335333834
2023,HISTORIC THIRD WARD,96,92,1117,8.594449418084155,8.236347358997314
2023,HOLLER PARK,25,8,37,67.56756756756756,21.62162162162162
2023,HONEY CREEK MANOR,48,23,392,12.244897959183673,5.86734693877551
2023,HONEY CREEK PARKWAY,25,15,234,10.683760683760683,6.41025641025641
2023,JACKSON PARK,277,141,1349,20.533728687916973,10.452186805040771
2023,JOHNSON'S WOODS,140,63,600,23.333333333333332,10.5
2023,JUNEAU TOWN,116,51,3146,3.6872218690400507,1.621106166560712
2023,KILBOURN TOWN,117,50,2756,4.245283018867925,1.8142235123367199
2023,KING PARK,78,36,795,9.811320754716983,4.528301886792453
2023,KOPS PARK,71,33,297,23.905723905723907,11.11111111111111
2023,LAND BANK,1,1,11,9.090909090909092,9.090909090909092
2023,LAYTON PARK,297,109,946,31.3953488372093,11.522198731501057
2023,LENOX HEIGHTS,158,55,387,40.82687338501292,14.21188630490956
2023,LINCOLN CREEK,279,101,1137,24.538258575197887,8.883025505716798
2023,LINCOLN PARK,245,58,1282,19.110764430577223,4.5241809672386895
2023,LINCOLN VILLAGE,816,310,2403,33.95755305867665,12.90054099042863
2023,LINDSAY PARK,194,96,954,20.335429769392032,10.062893081761008
2023,LITTLE MENOMONEE PARKWAY,27,8,169,15.976331360946746,4.733727810650888
2023,LONG VIEW,192,60,519,36.99421965317919,11.560693641618498
2023,LOWER EAST SIDE,548,288,8605,6.368390470656594,3.346891342242882
2023,LYONS PARK,44,17,142,30.985915492957744,11.971830985915492
2023,MAITLAND PARK,37,16,194,19.072164948453608,8.24742268041237
2023,MAPLE TREE,148,43,646,22.910216718266255,6.656346749226007
2023,MARQUETTE,1,1,295,0.3389830508474576,0.3389830508474576
2023,MARTIN DRIVE,110,34,455,24.175824175824175,7.472527472527473
2023,MC GOVERN PARK,254,52,561,45.27629233511586,9.269162210338681
2023,MELODY VIEW,23,7,169,13.609467455621301,4.142011834319527
2023,MENOMONEE RIVER HILLS,390,131,1427,27.330063069376315,9.18009810791871
2023,MENOMONEE RIVER HILLS EAST,113,46,477,23.68972746331237,9.643605870020965
2023,MENOMONEE RIVER PARKWAY,35,11,79,44.303797468354425,13.924050632911392
2023,MENOMONEE RIVER VALLEY,7,1,129,5.426356589147287,0.7751937984496124
2023,MERRILL PARK,423,125,1156,36.5916955017301,10.813148788927336
2023,METCALFE PARK,403,78,728,55.35714285714286,10.714285714285714
2023,MIDTOWN,664,172,1647,40.315725561627204,10.443230115361263
2023,MILL VALLEY,7,3,45,15.555555555555555,6.666666666666667
2023,MILLER VALLEY,40,16,365,10.95890410958904,4.383561643835616
2023,MITCHELL FIELD,22,7,68,32.35294117647059,10.294117647058822
2023,MITCHELL PARK,13,7,177,7.344632768361582,3.954802259887006
2023,MITCHELL WEST,189,74,575,32.869565217391305,12.869565217391305
2023,MORGAN HEIGHTS,47,21,277,16.967509025270758,7.581227436823104
2023,MORGANDALE,292,135,824,35.43689320388349,16.38349514563107
2023,MOUNT MARY,42,24,129,32.55813953488372,18.6046511627907
2023,MURRAY HILL,117,79,3122,3.7475976937860347,2.530429212043562
2023,MUSKEGO WAY,1085,290,2391,45.37850271852781,12.128816394813885
2023,NASH PARK,299,115,384,77.86458333333334,29.947916666666668
2023,NATIONAL PARK,182,60,581,31.32530120481928,10.327022375215146
2023,NEW COELN,7,5,19,36.84210526315789,26.31578947368421
2023,NORTH DIVISION,883,211,2017,43.77788795240456,10.461080813088746
2023,NORTH MEADOWS,151,51,1270,11.88976377952756,4.015748031496063
2023,NORTHPOINT,101,61,1408,7.173295454545454,4.332386363636364
2023,NORTHRIDGE,130,29,553,23.508137432188065,5.244122965641953
2023,NORTHRIDGE LAKES,65,15,1091,5.957836846929423,1.374885426214482
2023,OLD NORTH MILWAUKEE,1465,409,3738,39.192081326912785,10.941680042803638
2023,PARK KNOLL,26,7,45,57.77777777777777,15.555555555555555
2023,PARK VIEW,34,22,32,106.25,68.75
2023,PARK WEST,880,201,1585,55.520504731861195,12.681388012618298
2023,PARKWAY HILLS,21,8,197,10.65989847715736,4.060913705583756
2023,PHEASANT RUN,26,11,169,15.384615384615385,6.508875739644971
2023,POLLBER HEIGHTS,16,8,134,11.940298507462686,5.970149253731343
2023,POLONIA,166,76,808,20.544554455445542,9.405940594059405
2023,RED OAK HEIGHTS,11,7,18,61.111111111111114,38.88888888888889
2023,RIDGEVIEW,2,2,18,11.11111111111111,11.11111111111111
2023,RIVER BEND,55,28,216,25.462962962962965,12.962962962962962
2023,RIVERSIDE PARK,35,17,560,6.25,3.0357142857142856
2023,RIVERTON HEIGHTS,7,6,147,4.761904761904762,4.081632653061225
2023,RIVERWEST,746,285,3856,19.346473029045644,7.391078838174274
2023,ROLLING GREEN,98,50,429,22.843822843822846,11.655011655011654
2023,ROOSEVELT GROVE,794,171,1222,64.97545008183306,13.993453355155482
2023,ROOT CREEK,69,34,393,17.557251908396946,8.651399491094146
2023,RUFUS KING,399,102,1100,36.27272727272727,9.272727272727273
2023,SAINT JOSEPH,639,142,1420,45,10
2023,SAVELAND PARK,16,11,123,13.008130081300814,8.94308943089431
2023,SERVITE WOODS,60,15,344,17.441860465116278,4.3604651162790695
2023,SHERMAN PARK,1091,254,1810,60.27624309392265,14.033149171270717
2023,SILVER CITY,314,123,835,37.604790419161674,14.73053892215569
2023,SILVER SPRING,611,208,2639,23.15270935960591,7.8817733990147785
2023,SILVER SWAN,178,88,864,20.60185185185185,10.185185185185185
2023,SOUTHGATE,52,22,495,10.505050505050505,4.444444444444445
2023,SOUTHPOINT,61,27,920,6.630434782608696,2.9347826086956523
2023,ST. AMELIAN'S,78,34,335,23.283582089552237,10.149253731343283
2023,STORY HILL,70,33,334,20.958083832335326,9.880239520958083
2023,SUNSET HEIGHTS,262,75,641,40.87363494539781,11.700468018720748
2023,THE VALLEY / PIGSVILLE,46,20,140,32.857142857142854,14.285714285714285
2023,THURSTON WOODS,253,82,938,26.972281449893394,8.742004264392325
2023,TIMMERMAN AIRPORT,18,11,160,11.25,6.875000000000001
2023,TIMMERMAN WEST,102,59,1297,7.864302235929068,4.548959136468774
2023,TIPPECANOE,145,79,676,21.449704142011836,11.68639053254438
2023,TOWN & COUNTRY MANOR,72,31,601,11.980033277870216,5.158069883527454
2023,TOWN OF LAKE,91,46,552,16.485507246376812,8.333333333333332
2023,TRIANGLE,114,19,92,123.91304347826086,20.652173913043477
2023,TRIANGLE NORTH,139,42,457,30.41575492341357,9.190371991247265
2023,TRIPOLI PARK,70,29,284,24.647887323943664,10.211267605633804
2023,UPPER EAST SIDE,72,42,904,7.964601769911504,4.646017699115045
2023,UPTOWN,596,132,1439,41.4176511466296,9.17303683113273
2023,VALHALLA,298,124,1193,24.979044425817268,10.393964794635373
2023,VALLEY FORGE,3,1,55,5.454545454545454,1.8181818181818181
2023,VOGEL PARK,83,39,729,11.385459533607682,5.349794238683128
2023,WAHL PARK,161,55,585,27.521367521367523,9.401709401709402
2023,WALKER'S POINT,550,238,3774,14.573396926338104,6.306306306306306
2023,WALNUT HILL,317,59,592,53.547297297297305,9.966216216216216
2023,WASHINGTON HEIGHTS,275,66,1017,27.04031465093412,6.489675516224189
2023,WASHINGTON PARK,751,152,1318,56.980273141122915,11.532625189681335
2023,WEDGEWOOD,45,25,236,19.06779661016949,10.59322033898305
2023,WEST VIEW,75,39,412,18.203883495145632,9.466019417475728
2023,WHITE MANOR,104,44,282,36.87943262411347,15.602836879432624
2023,WICK FIELD,30,10,197,15.228426395939088,5.0761421319796955
2023,WILLIAMSBURG,460,103,587,78.36456558773425,17.54684838160136
2023,WILSON PARK,73,38,566,12.897526501766784,6.713780918727916
2023,WOODLAND COURT,22,4,345,6.3768115942028984,1.1594202898550725
2023,WYRICK PARK,18,10,577,3.119584055459272,1.733102253032929
2023,YANKEE HILL,84,47,2386,3.520536462699078,1.9698239731768652
